,,,,,,,,Total,Total,Total,Total,Total,Short,Short,Short,Medium,Medium,Medium,Long,Long,Long,,,,,,,,,
Rk,Player,Nation,Pos,Squad,Age,Born,90s,Cmp,Att,Cmp%,TotDist,PrgDist,Cmp,Att,Cmp%,Cmp,Att,Cmp%,Cmp,Att,Cmp%,Ast,xA,A-xA,KP,1/3,PPA,CrsPA,Prog,Matches
1,Patrick van Aanholt\Patrick-van-Aanholt,nl NED,DF,Crystal Palace,30-213,1990,16.7,756,956,79.1,12718,5952,386,437,88.3,287,356,80.6,69,128,53.9,1,0.8,+0.2,11,55,24,4,92,Matches
2,Tammy Abraham\Tammy-Abraham,eng ENG,FW,Chelsea,23-179,1997,11.3,147,215,68.4,2046,327,90,116,77.6,39,63,61.9,9,15,60.0,1,0.9,+0.1,8,12,2,0,11,Matches
3,Che Adams\Che-Adams,sco SCO,FW,Southampton,24-260,1996,24.1,355,513,69.2,5802,1285,180,242,74.4,114,151,75.5,41,56,73.2,4,4.6,-0.6,26,22,18,1,48,Matches
4,Tosin Adarabioyo\Tosin-Adarabioyo,eng ENG,DF,Fulham,23-187,1997,26.0,1212,1403,86.4,28717,9522,229,256,89.5,692,740,93.5,282,386,73.1,0,0.3,-0.3,4,60,3,0,56,Matches
5,Adrián\Adrian,es ESP,GK,Liverpool,34-086,1987,3.0,76,99,76.8,2016,1127,18,18,100.0,35,36,97.2,21,43,48.8,0,0.0,0.0,0,0,0,0,0,Matches
6,Sergio Agüero\Sergio-Aguero,ar ARG,FW,Manchester City,32-301,1988,3.5,72,84,85.7,878,113,43,47,91.5,17,20,85.0,3,3,100.0,0,0.6,-0.6,3,5,1,0,4,Matches
7,Ola Aina\Ola-Aina,ng NGA,DF,Fulham,24-173,1996,25.0,1170,1500,78.0,22331,9290,477,526,90.7,525,613,85.6,152,312,48.7,1,1.3,-0.3,14,90,14,9,91,Matches
8,Rayan Aït Nouri\Rayan-Ait-Nouri,fr FRA,DF,Wolves,19-297,2001,7.8,302,362,83.4,4750,1395,160,174,92.0,123,144,85.4,15,27,55.6,1,0.7,+0.3,6,13,6,3,18,Matches
9,Semi Ajayi\Semi-Ajayi,ng NGA,DF,West Brom,27-141,1993,23.3,572,786,72.8,12430,5292,166,195,85.1,299,369,81.0,106,212,50.0,0,0.1,-0.1,2,50,3,0,49,Matches
10,Nathan Aké\Nathan-Ake,nl NED,DF,Manchester City,26-040,1995,5.2,429,461,93.1,7834,2160,178,186,95.7,213,225,94.7,36,44,81.8,0,0.0,0.0,1,36,0,0,23,Matches
11,Marc Albrighton\Marc-Albrighton,eng ENG,FWDF,Leicester City,31-132,1989,13.9,423,615,68.8,7545,2985,210,255,82.4,143,179,79.9,53,124,42.7,4,3.3,+0.7,24,37,27,11,59,Matches
12,Thiago Alcántara\Thiago-Alcantara,es ESP,MF,Liverpool,29-353,1991,12.5,931,1055,88.2,19507,4810,323,358,90.2,425,459,92.6,170,212,80.2,0,1.1,-1.1,17,115,11,1,107,Matches
13,Toby Alderweireld\Toby-Alderweireld,be BEL,DF,Tottenham,32-028,1989,17.9,776,940,82.6,18277,4922,183,198,92.4,400,432,92.6,187,293,63.8,0,0.2,-0.2,3,52,4,1,36,Matches
14,Rúnar Alex Rúnarsson\Runar-Alex-Runarsson,is ISL,GK,Arsenal,26-040,1995,0.2,7,11,63.6,126,51,2,2,100.0,5,5,100.0,0,4,0.0,0,0.0,0.0,0,0,0,0,0,Matches
15,Trent Alexander-Arnold\Trent-Alexander-Arnold,eng ENG,DF,Liverpool,22-174,1998,24.7,1701,2253,75.5,36403,14574,595,675,88.1,773,927,83.4,319,585,54.5,3,4.2,-1.2,42,168,77,18,227,Matches
16,Ezgjan Alioski\Ezgjan-Alioski,mk MKD,DFMF,Leeds United,29-046,1992,19.0,970,1194,81.2,15868,5376,499,555,89.9,399,459,86.9,62,131,47.3,0,1.9,-1.9,20,69,23,10,75,Matches
17,Alisson\Alisson,br BRA,GK,Liverpool,28-179,1992,24.0,693,810,85.6,18255,9534,107,107,100.0,373,379,98.4,210,320,65.6,0,0.0,0.0,0,5,0,0,1,Matches
18,Allan\Allan,br BRA,MF,Everton,30-081,1991,14.8,597,693,86.1,11451,2576,244,267,91.4,245,281,87.2,95,121,78.5,0,0.3,-0.3,7,52,8,0,42,Matches
19,Dele Alli\Dele-Alli,eng ENG,MF,Tottenham,24-353,1996,2.6,111,138,80.4,1916,417,50,58,86.2,47,53,88.7,12,15,80.0,0,0.2,-0.2,4,8,3,0,11,Matches
20,Miguel Almirón\Miguel-Almiron,py PAR,MFFW,Newcastle Utd,27-048,1994,18.4,509,634,80.3,8728,1869,251,284,88.4,191,226,84.5,50,82,61.0,1,2.2,-1.2,23,37,22,7,44,Matches
21,Marcos Alonso\Marcos-Alonso,es ESP,DF,Chelsea,30-092,1990,7.8,386,468,82.5,6500,2380,194,217,89.4,161,183,88.0,28,51,54.9,0,1.1,-1.1,10,13,6,2,38,Matches
22,Steven Alzate\Steven-Alzate,co COL,MFDF,Brighton,22-203,1998,8.2,308,351,87.7,5508,1075,144,162,88.9,122,131,93.1,39,47,83.0,0,0.4,-0.4,8,23,6,0,27,Matches
23,Daniel Amartey\Daniel-Amartey,gh GHA,DF,Leicester City,26-099,1994,6.5,324,387,83.7,6134,1823,109,118,92.4,173,200,86.5,36,52,69.2,0,0.0,0.0,0,17,1,0,21,Matches
24,Ethan Ampadu\Ethan-Ampadu,wal WAL,DFMF,Sheffield Utd,20-197,2000,20.8,739,926,79.8,15058,4668,260,304,85.5,345,401,86.0,122,192,63.5,0,0.9,-0.9,10,63,15,2,74,Matches
25,Joachim Andersen\Joachim-Andersen,dk DEN,DF,Fulham,24-303,1996,23.7,1157,1389,83.3,28619,8549,231,260,88.8,624,683,91.4,293,422,69.4,1,0.5,+0.5,8,97,9,1,83,Matches
26,Elliot Anderson\Elliot-Anderson,sco SCO,MF,Newcastle Utd,18-144,2002,0.0,1,1,100.0,10,0,1,1,100.0,0,0,,0,0,,0,0.0,0.0,0,0,0,0,0,Matches
27,Felipe Anderson\Felipe-Anderson,br BRA,FWMF,West Ham,27-349,1993,0.0,4,6,66.7,61,28,2,2,100.0,2,4,50.0,0,0,,0,0.0,0.0,0,0,0,0,2,Matches
28,Michail Antonio\Michail-Antonio,eng ENG,FW,West Ham,31-002,1990,16.8,225,350,64.3,3543,625,128,182,70.3,63,98,64.3,22,36,61.1,5,2.0,+3.0,18,14,9,2,18,Matches
29,Alphonse Areola\Alphonse-Areola,fr FRA,GK,Fulham,28-031,1993,29.0,560,778,72.0,15708,9750,163,163,100.0,186,187,99.5,200,417,48.0,0,0.0,0.0,0,4,0,0,0,Matches
30,Stuart Armstrong\Stuart-Armstrong,sco SCO,MF,Southampton,29-000,1992,22.0,688,876,78.5,11101,3244,372,438,84.9,246,289,85.1,57,85,67.1,4,2.0,+2.0,26,64,26,5,76,Matches
31,Kepa Arrizabalaga\Kepa-Arrizabalaga,es ESP,GK,Chelsea,26-178,1994,4.0,106,138,76.8,3073,1637,24,25,96.0,43,43,100.0,39,70,55.7,0,0.0,0.0,0,1,0,0,0,Matches
32,Pierre-Emerick Aubameyang\Pierre-Emerick-Aubameyang,ga GAB,FW,Arsenal,31-285,1989,21.5,431,576,74.8,6573,1281,242,299,80.9,149,196,76.0,25,46,54.3,1,1.6,-0.6,16,14,25,9,44,Matches
33,Serge Aurier\Serge-Aurier,ci CIV,DF,Tottenham,28-096,1992,12.8,511,656,77.9,8108,3387,273,304,89.8,193,258,74.8,34,66,51.5,1,1.5,-0.5,9,14,17,6,41,Matches
34,Charlie Austin\Charlie-Austin,eng ENG,FW,West Brom,31-268,1989,1.5,25,34,73.5,374,134,12,14,85.7,12,16,75.0,1,2,50.0,0,0.0,0.0,0,0,0,0,4,Matches
35,Jordan Ayew\Jordan-Ayew,gh GHA,FWMF,Crystal Palace,29-200,1991,18.5,395,492,80.3,5536,1004,247,283,87.3,112,142,78.9,17,30,56.7,3,0.6,+2.4,10,11,12,2,31,Matches
36,Luke Ayling\Luke-Ayling,eng ENG,DF,Leeds United,29-217,1991,28.8,1677,2116,79.3,34163,13514,602,683,88.1,800,919,87.1,263,453,58.1,0,2.2,-2.2,22,145,28,10,168,Matches
37,César Azpilicueta\Cesar-Azpilicueta,es ESP,DF,Chelsea,31-214,1989,17.6,1293,1492,86.7,23213,8317,513,556,92.3,668,730,91.5,98,163,60.1,1,1.7,-0.7,17,99,14,3,84,Matches
38,Eric Bailly\Eric-Bailly,ci CIV,DF,Manchester Utd,26-352,1994,7.1,343,382,89.8,7151,2276,97,105,92.4,196,211,92.9,49,64,76.6,0,0.0,0.0,0,24,0,0,23,Matches
39,Fabián Balbuena\Fabian-Balbuena,py PAR,DF,West Ham,29-219,1991,12.0,319,420,76.0,7819,3040,62,71,87.3,173,198,87.4,80,142,56.3,0,0.0,0.0,0,29,0,0,27,Matches
40,George Baldock\George-Baldock,eng ENG,DF,Sheffield Utd,28-021,1993,23.5,661,858,77.0,10080,3356,385,422,91.2,224,288,77.8,35,90,38.9,2,1.3,+0.7,12,30,23,6,45,Matches
41,Gareth Bale\Gareth-Bale,wal WAL,FW,Tottenham,31-257,1989,6.2,167,247,67.6,3500,1021,78,94,83.0,47,65,72.3,36,70,51.4,2,0.9,+1.1,10,17,4,1,19,Matches
42,Patrick Bamford\Patrick-Bamford,eng ENG,FW,Leeds United,27-206,1993,27.0,308,403,76.4,4088,600,178,230,77.4,87,106,82.1,16,19,84.2,6,3.3,+2.7,20,15,11,2,22,Matches
43,Phil Bardsley\Phil-Bardsley,sco SCO,DF,Burnley,35-275,1985,3.0,116,165,70.3,2256,949,47,49,95.9,51,67,76.1,16,40,40.0,0,0.0,0.0,0,9,6,1,11,Matches
44,Ross Barkley\Ross-Barkley,eng ENG,MF,Chelsea,27-115,1993,0.5,22,26,84.6,441,72,10,13,76.9,8,9,88.9,4,4,100.0,0,0.1,-0.1,1,2,1,0,2,Matches
45,Ross Barkley\Ross-Barkley,eng ENG,MF,Aston Villa,27-115,1993,13.0,445,547,81.4,8176,2009,219,251,87.3,151,174,86.8,68,98,69.4,1,3.1,-2.1,31,36,20,0,55,Matches
46,Ashley Barnes\Ashley-Barnes,eng ENG,FW,Burnley,31-151,1989,14.4,186,290,64.1,2432,542,123,162,75.9,43,70,61.4,7,28,25.0,0,0.7,-0.7,13,13,7,1,19,Matches
47,Harvey Barnes\Harvey-Barnes,eng ENG,FWMF,Leicester City,23-111,1997,21.6,468,626,74.8,7239,1875,265,331,80.1,157,198,79.3,33,51,64.7,4,1.5,+2.5,25,37,19,2,62,Matches
48,Kyle Bartley\Kyle-Bartley,eng ENG,DF,West Brom,29-312,1991,19.8,483,618,78.2,10066,3305,150,175,85.7,248,293,84.6,79,139,56.8,1,0.1,+0.9,2,39,3,1,24,Matches
49,Chris Basham\Chris-Basham,eng ENG,DFMF,Sheffield Utd,32-253,1988,23.6,733,911,80.5,13022,3814,334,375,89.1,309,369,83.7,79,133,59.4,1,0.7,+0.3,8,45,12,5,53,Matches
50,Michy Batshuayi\Michy-Batshuayi,be BEL,FW,Crystal Palace,27-179,1993,7.8,111,157,70.7,1565,319,61,77,79.2,37,51,72.5,6,8,75.0,1,1.4,-0.4,7,6,3,1,9,Matches
51,Jan Bednarek\Jan-Bednarek,pl POL,DF,Southampton,24-352,1996,27.9,1458,1727,84.4,28009,9446,541,585,92.5,743,819,90.7,159,291,54.6,1,0.3,+0.7,4,75,4,0,71,Matches
52,Donny van de Beek\Donny-van-de-Beek,nl NED,MFFW,Manchester Utd,23-346,1997,3.6,146,173,84.4,2089,393,87,99,87.9,53,57,93.0,3,5,60.0,0,0.1,-0.1,2,7,1,1,5,Matches
53,Héctor Bellerín\Hector-Bellerin,es ESP,DF,Arsenal,26-011,1995,21.2,971,1175,82.6,16268,4721,456,524,87.0,441,516,85.5,57,89,64.0,2,2.3,-0.3,21,51,28,9,77,Matches
54,Saïd Benrahma\Said-Benrahma,dz ALG,MFFW,West Ham,25-232,1995,11.8,301,385,78.2,4700,1339,171,192,89.1,97,120,80.8,22,51,43.1,4,2.8,+1.2,18,32,14,4,37,Matches
55,Josh Benson\Josh-Benson,eng ENG,MF,Burnley,21-115,1999,2.9,62,85,72.9,865,322,38,42,90.5,17,24,70.8,4,12,33.3,0,0.0,0.0,0,4,0,0,7,Matches
56,Christian Benteke\Christian-Benteke,be BEL,FW,Crystal Palace,30-117,1990,12.9,228,353,64.6,3068,682,137,208,65.9,61,99,61.6,12,19,63.2,1,0.9,+0.1,11,17,11,1,25,Matches
57,Jóhann Berg Guðmundsson\Johann-Berg-Gudmundsson,is ISL,MF,Burnley,30-154,1990,9.8,225,299,75.3,3649,850,127,146,87.0,67,90,74.4,23,48,47.9,0,0.3,-0.3,5,12,5,2,23,Matches
58,Sander Berge\Sander-Berge,no NOR,MF,Sheffield Utd,23-044,1998,11.3,349,426,81.9,6398,1336,149,179,83.2,151,171,88.3,43,60,71.7,1,1.2,-0.2,12,32,4,2,29,Matches
59,Steven Bergwijn\Steven-Bergwijn,nl NED,FWMF,Tottenham,23-173,1997,11.6,298,367,81.2,4111,770,182,202,90.1,90,110,81.8,8,29,27.6,2,1.1,+0.9,11,18,7,0,15,Matches
60,Bernard\Bernard,br BRA,FWMF,Everton,28-203,1992,4.4,190,239,79.5,3113,808,94,108,87.0,76,94,80.9,15,21,71.4,0,0.6,-0.6,8,17,9,2,20,Matches
61,Bernardo\Bernardo,br BRA,DFMF,Brighton,25-320,1995,2.3,62,87,71.3,1042,288,32,38,84.2,24,34,70.6,5,6,83.3,0,0.2,-0.2,2,3,2,1,6,Matches
62,Ryan Bertrand\Ryan-Bertrand,eng ENG,DF,Southampton,31-237,1989,26.9,1098,1433,76.6,18242,6940,550,629,87.4,444,551,80.6,79,184,42.9,1,0.8,+0.2,10,59,24,5,89,Matches
63,Yves Bissouma\Yves-Bissouma,ml MLI,MF,Brighton,24-212,1996,25.6,1110,1279,86.8,22603,4052,381,436,87.4,517,568,91.0,192,242,79.3,0,0.4,-0.4,8,97,15,2,89,Matches
64,Jayden Bogle\Jayden-Bogle,eng ENG,DF,Sheffield Utd,20-246,2000,9.0,235,299,78.6,3851,1562,131,151,86.8,73,90,81.1,23,39,59.0,0,0.2,-0.2,4,14,7,1,22,Matches
65,Willy Boly\Willy-Boly,ci CIV,DF,Wolves,30-055,1991,17.0,658,797,82.6,13074,4478,214,242,88.4,341,379,90.0,96,159,60.4,1,0.4,+0.6,2,44,1,0,35,Matches
66,Jarrod Bowen\Jarrod-Bowen,eng ENG,FWMF,West Ham,24-100,1996,22.4,406,599,67.8,8197,1826,169,222,76.1,156,199,78.4,74,145,51.0,3,2.5,+0.5,21,19,18,7,33,Matches
67,Robbie Brady\Robbie-Brady,ie IRL,MF,Burnley,29-075,1992,11.7,266,393,67.7,4702,1627,133,161,82.6,88,129,68.2,34,78,43.6,1,0.9,+0.1,7,23,6,4,32,Matches
68,Rhian Brewster\Rhian-Brewster,eng ENG,FW,Sheffield Utd,20-363,2000,9.6,121,166,72.9,1986,496,69,85,81.2,35,45,77.8,14,25,56.0,0,1.3,-1.3,5,11,2,0,13,Matches
69,Josh Brownhill\Josh-Brownhill,eng ENG,MF,Burnley,25-101,1995,22.8,710,895,79.3,11320,2467,367,421,87.2,249,307,81.1,62,110,56.4,0,0.8,-0.8,12,52,11,2,43,Matches
70,Joe Bryan\Joe-Bryan,eng ENG,DFFW,Fulham,27-194,1993,5.2,197,290,67.9,3591,1710,97,116,83.6,73,92,79.3,26,68,38.2,0,0.2,-0.2,3,13,3,2,19,Matches
71,Kean Bryan\Kean-Bryan,eng ENG,DF,Sheffield Utd,24-149,1996,8.3,220,313,70.3,4463,2282,86,93,92.5,92,115,80.0,35,89,39.3,0,0.4,-0.4,3,21,3,1,17,Matches
72,Oliver Burke\Oliver-Burke,sco SCO,FW,Sheffield Utd,23-357,1997,11.4,141,198,71.2,1860,196,86,111,77.5,39,50,78.0,4,7,57.1,1,1.7,-0.7,12,4,5,1,6,Matches
73,Dan Burn\Dan-Burn,eng ENG,DF,Brighton,28-325,1992,16.9,718,954,75.3,12659,4144,301,377,79.8,359,430,83.5,51,115,44.3,0,0.8,-0.8,6,52,14,4,67,Matches
74,David Button\David-Button,eng ENG,GK,West Brom,32-031,1989,1.0,16,37,43.2,687,484,2,2,100.0,2,2,100.0,12,33,36.4,0,0.0,0.0,0,0,0,0,0,Matches
75,Oskar Buur\Oskar-Buur,dk DEN,DF,Wolves,22-364,1998,0.2,14,15,93.3,201,47,9,9,100.0,5,5,100.0,0,1,0.0,0,0.0,0.0,0,0,0,0,0,Matches
76,Willy Caballero\Willy-Caballero,ar ARG,GK,Chelsea,39-183,1981,1.0,24,26,92.3,496,302,8,8,100.0,13,13,100.0,3,5,60.0,0,0.0,0.0,0,0,0,0,0,Matches
77,Gary Cahill\Gary-Cahill,eng ENG,DF,Crystal Palace,35-101,1985,14.0,433,517,83.8,9524,3291,121,145,83.4,241,261,92.3,69,107,64.5,0,0.4,-0.4,3,27,1,0,23,Matches
78,Tom Cairney\Tom-Cairney,sco SCO,MF,Fulham,30-069,1991,8.4,551,621,88.7,11165,2009,214,227,94.3,227,247,91.9,100,128,78.1,1,1.4,-0.4,20,61,10,5,32,Matches
79,Dominic Calvert-Lewin\Dominic-Calvert-Lewin,eng ENG,FW,Everton,24-014,1997,23.9,362,505,71.7,5470,864,213,273,78.0,101,150,67.3,33,41,80.5,0,1.0,-1.0,13,23,8,0,28,Matches
80,João Cancelo\Joao-Cancelo,pt POR,DF,Manchester City,26-307,1994,21.6,1518,1771,85.7,26888,7752,731,795,91.9,601,686,87.6,165,235,70.2,3,4.4,-1.4,39,126,60,9,147,Matches
81,Ian Carlo Poveda\Ian-Carlo-Poveda,eng ENG,MFDF,Leeds United,21-049,2000,2.8,61,88,69.3,956,384,32,41,78.0,21,28,75.0,6,12,50.0,0,0.4,-0.4,2,6,7,1,16,Matches
82,Andy Carroll\Andy-Carroll,eng ENG,FW,Newcastle Utd,32-083,1989,4.3,86,135,63.7,1314,386,52,72,72.2,25,44,56.8,6,12,50.0,0,0.1,-0.1,2,9,3,0,10,Matches
83,Matty Cash\Matty-Cash,eng ENG,DF,Aston Villa,23-235,1997,21.2,778,1048,74.2,14839,5296,337,379,88.9,319,407,78.4,111,234,47.4,2,1.7,+0.3,18,59,17,13,45,Matches
84,Kiko Casilla\Kiko-Casilla,es ESP,GK,Leeds United,34-179,1986,1.0,32,33,97.0,813,519,12,12,100.0,10,10,100.0,10,11,90.9,0,0.0,0.0,0,0,0,0,0,Matches
85,Timothy Castagne\Timothy-Castagne,be BEL,DF,Leicester City,25-115,1995,17.1,761,930,81.8,12331,4564,384,426,90.1,325,386,84.2,45,91,49.5,2,1.2,+0.8,15,44,16,4,61,Matches
86,Jonny Castro\Jonny-Castro,es ESP,DF,Wolves,27-027,1994,5.5,189,239,79.1,2772,1016,112,127,88.2,67,80,83.8,7,18,38.9,0,0.1,-0.1,3,8,1,1,11,Matches
87,Ivan Cavaleiro\Ivan-Cavaleiro,pt POR,FWMF,Fulham,27-163,1993,21.1,459,630,72.9,7366,1716,250,301,83.1,152,193,78.8,41,89,46.1,0,2.4,-2.4,31,14,21,7,36,Matches
88,Edinson Cavani\Edinson-Cavani,uy URU,FW,Manchester Utd,34-044,1987,10.3,180,231,77.9,3057,425,91,109,83.5,59,74,79.7,23,26,88.5,2,1.7,+0.3,9,8,9,1,12,Matches
89,Dani Ceballos\Dani-Ceballos,es ESP,MF,Arsenal,24-235,1996,12.5,765,888,86.1,15321,3722,274,305,89.8,358,392,91.3,125,166,75.3,2,2.2,-0.2,18,98,16,2,85,Matches
90,Calum Chambers\Calum-Chambers,eng ENG,DF,Arsenal,26-069,1995,2.0,92,121,76.0,1496,386,52,60,86.7,29,35,82.9,10,20,50.0,0,0.5,-0.5,5,5,4,3,3,Matches
91,Ben Chilwell\Ben-Chilwell,eng ENG,DF,Chelsea,24-099,1996,19.5,1151,1463,78.7,19771,6851,565,622,90.8,453,554,81.8,105,218,48.2,4,1.5,+2.5,20,79,18,7,110,Matches
92,Hamza Choudhury\Hamza-Choudhury,eng ENG,MF,Leicester City,23-180,1997,3.4,187,231,81.0,3635,616,71,89,79.8,88,101,87.1,25,34,73.5,0,0.0,0.0,0,13,0,0,8,Matches
93,Andreas Christensen\Andreas-Christensen,dk DEN,DF,Chelsea,24-354,1996,11.1,768,827,92.9,16335,4393,220,237,92.8,420,438,95.9,123,145,84.8,0,0.3,-0.3,3,25,0,0,36,Matches
94,Ciaran Clark\Ciaran-Clark,ie IRL,DF,Newcastle Utd,31-185,1989,17.4,534,644,82.9,10706,3462,188,212,88.7,255,283,90.1,84,133,63.2,0,0.1,-0.1,2,34,2,0,34,Matches
95,Nathaniel Clyne\Nathaniel-Clyne,eng ENG,DF,Crystal Palace,29-359,1991,12.7,437,569,76.8,6906,2752,233,258,90.3,163,204,79.9,30,75,40.0,1,0.4,+0.6,4,20,13,6,25,Matches
96,Conor Coady\Conor-Coady,eng ENG,DF,Wolves,28-033,1993,27.7,1130,1293,87.4,29051,10790,209,221,94.6,581,612,94.9,333,445,74.8,0,0.1,-0.1,2,51,0,0,45,Matches
97,Séamus Coleman\Seamus-Coleman,ie IRL,DF,Everton,32-170,1988,10.0,400,483,82.8,7074,2683,194,214,90.7,162,185,87.6,41,71,57.7,1,0.8,+0.2,7,18,6,1,24,Matches
98,Aaron Connolly\Aaron-Connolly,ie IRL,FW,Brighton,21-061,2000,8.0,72,92,78.3,1061,159,41,50,82.0,24,28,85.7,4,5,80.0,1,0.2,+0.8,4,2,1,0,3,Matches
99,Liam Cooper\Liam-Cooper,sco SCO,DF,Leeds United,29-212,1991,20.8,1213,1379,88.0,28230,8225,254,269,94.4,702,737,95.3,254,361,70.4,0,0.0,0.0,0,69,3,0,63,Matches
100,Jack Cork\Jack-Cork,eng ENG,MF,Burnley,31-278,1989,8.2,211,264,79.9,3512,710,100,116,86.2,78,86,90.7,23,37,62.2,0,0.2,-0.2,3,16,2,0,19,Matches
101,Hélder Costa\Helder-Costa,pt POR,MF,Leeds United,27-077,1994,10.3,217,287,75.6,2980,816,140,159,88.1,62,81,76.5,7,20,35.0,3,0.9,+2.1,9,7,11,4,14,Matches
102,Vladimír Coufal\Vladimir-Coufal,cz CZE,DF,West Ham,28-220,1992,24.9,825,1169,70.6,14539,7287,380,438,86.8,342,464,73.7,89,207,43.0,3,3.0,0.0,31,65,29,15,91,Matches
103,Aaron Cresswell\Aaron-Cresswell,eng ENG,DF,West Ham,31-105,1989,29.0,1262,1688,74.8,25585,12451,523,586,89.2,508,605,84.0,214,435,49.2,7,4.3,+2.7,43,120,18,11,104,Matches
104,Patrick Cutrone\Patrick-Cutrone,it ITA,FWMF,Wolves,23-086,1998,0.3,4,5,80.0,67,2,2,3,66.7,2,2,100.0,0,0,,0,0.0,0.0,0,0,0,0,0,Matches
105,Stuart Dallas\Stuart-Dallas,nir NIR,DFMF,Leeds United,29-345,1991,28.9,1457,1766,82.5,25159,8212,732,809,90.5,571,678,84.2,139,226,61.5,2,1.6,+0.4,20,109,30,8,144,Matches
106,Scott Dann\Scott-Dann,eng ENG,DF,Crystal Palace,34-044,1987,12.0,456,533,85.6,9345,4243,150,166,90.4,240,256,93.8,64,104,61.5,0,0.0,0.0,1,20,0,0,26,Matches
107,Karl Darlow\Karl-Darlow,eng ENG,GK,Newcastle Utd,30-173,1990,25.0,364,726,50.1,15539,11428,25,25,100.0,111,115,96.5,228,586,38.9,0,0.0,0.0,1,8,0,0,0,Matches
108,Ben Davies\Ben-Davies,wal WAL,DF,Tottenham,27-340,1993,15.0,610,783,77.9,10905,4213,266,295,90.2,282,332,84.9,53,127,41.7,1,0.6,+0.4,7,42,9,4,43,Matches
109,Tom Davies\Tom-Davies,eng ENG,MFDF,Everton,22-273,1998,10.8,393,477,82.4,7445,1831,161,179,89.9,177,204,86.8,50,72,69.4,1,1.0,0.0,6,26,7,2,29,Matches
110,Keinan Davis\Keinan-Davis,eng ENG,FW,Aston Villa,23-045,1998,1.0,28,36,77.8,388,68,17,19,89.5,10,14,71.4,0,0,,0,0.1,-0.1,2,1,2,0,2,Matches
111,Leif Davis\Leif-Davis,eng ENG,DF,Leeds United,21-077,2000,0.4,16,19,84.2,384,159,3,3,100.0,10,11,90.9,3,5,60.0,0,0.0,0.0,0,0,1,0,1,Matches
112,Craig Dawson\Craig-Dawson,eng ENG,DF,West Ham,30-328,1990,14.0,364,453,80.4,8604,2408,72,76,94.7,197,217,90.8,89,152,58.6,0,0.0,0.0,1,25,0,0,18,Matches
113,Kevin De Bruyne\Kevin-De-Bruyne,be BEL,MF,Manchester City,29-275,1991,20.2,975,1286,75.8,19002,5507,415,493,84.2,382,466,82.0,154,252,61.1,11,8.3,+2.7,69,113,69,9,152,Matches
114,Liam Delap\Liam-Delap,eng ENG,FW,Manchester City,18-050,2003,0.4,5,7,71.4,45,0,4,6,66.7,0,0,,0,0,,0,0.0,0.0,0,0,0,0,0,Matches
115,Fabian Delph\Fabian-Delph,eng ENG,MFDF,Everton,31-129,1989,2.4,174,197,88.3,3031,830,81,87,93.1,75,80,93.8,16,26,61.5,0,0.0,0.0,1,14,1,0,15,Matches
116,Leander Dendoncker\Leander-Dendoncker,be BEL,MFDF,Wolves,25-349,1995,20.9,697,806,86.5,13026,2937,283,317,89.3,298,341,87.4,99,118,83.9,0,0.7,-0.7,16,44,5,2,43,Matches
117,Mbaye Diagne\Mbaye-Diagne,sn SEN,FW,West Brom,29-153,1991,8.1,97,127,76.4,1453,218,60,68,88.2,29,43,67.4,7,12,58.3,1,0.5,+0.5,7,7,2,1,7,Matches
118,Ibrahima Diallo\Ibrahima-Diallo,fr FRA,MF,Southampton,22-022,1999,7.2,324,380,85.3,5679,1281,145,162,89.5,145,161,90.1,28,50,56.0,0,0.2,-0.2,5,16,4,1,18,Matches
119,Grady Diangana\Grady-Diangana,eng ENG,MFFW,West Brom,22-345,1998,12.1,224,304,73.7,3076,767,129,160,80.6,82,101,81.2,5,21,23.8,0,0.1,-0.1,4,14,6,0,23,Matches
120,Raphael Dias Belloli\Raphael-Dias-Belloli,br BRA,MF,Leeds United,24-106,1996,21.0,568,849,66.9,10981,4422,254,298,85.2,212,294,72.1,92,200,46.0,5,6.0,-1.0,54,67,36,8,115,Matches
121,Rúben Dias\Ruben-Dias,pt POR,DF,Manchester City,23-320,1997,26.6,2138,2279,93.8,46188,12059,542,571,94.9,1211,1250,96.9,372,435,85.5,0,0.1,-0.1,3,146,9,1,102,Matches
122,Eric Dier\Eric-Dier,eng ENG,DF,Tottenham,27-074,1994,21.0,1015,1208,84.0,23232,7561,272,302,90.1,514,558,92.1,221,328,67.4,0,0.2,-0.2,3,52,5,0,49,Matches
123,Lucas Digne\Lucas-Digne,fr FRA,DFMF,Everton,27-253,1993,19.8,870,1197,72.7,15825,6238,403,468,86.1,345,447,77.2,103,220,46.8,6,3.6,+2.4,27,48,22,16,79,Matches
124,Virgil van Dijk\Virgil-van-Dijk,nl NED,DF,Liverpool,29-265,1991,4.1,296,329,90.0,7078,2109,61,65,93.8,176,186,94.6,59,77,76.6,0,0.0,0.0,0,26,0,0,20,Matches
125,Issa Diop\Issa-Diop,fr FRA,DF,West Ham,24-080,1997,9.3,282,326,86.5,5703,1694,93,102,91.2,138,149,92.6,47,68,69.1,0,0.0,0.0,0,14,0,0,8,Matches
126,Moussa Djenepo\Moussa-Djenepo,ml MLI,MF,Southampton,22-288,1998,12.3,262,365,71.8,4050,1077,143,175,81.7,98,124,79.0,15,29,51.7,0,0.5,-0.5,6,17,12,1,22,Matches
127,Matt Doherty\Matt-Doherty,ie IRL,DF,Tottenham,29-073,1992,12.7,595,743,80.1,9657,3617,328,369,88.9,214,268,79.9,43,80,53.8,2,0.7,+1.3,10,17,13,6,35,Matches
128,Gabriel Dos Santos\Gabriel-Dos-Santos,br BRA,DF,Arsenal,23-101,1997,15.2,928,1068,86.9,19794,5308,252,275,91.6,504,541,93.2,165,238,69.3,0,0.0,0.0,1,55,1,0,34,Matches
129,Abdoulaye Doucouré\Abdoulaye-Doucoure,fr FRA,MF,Everton,28-088,1993,23.7,993,1158,85.8,17007,3596,468,531,88.1,404,448,90.2,94,123,76.4,3,2.2,+0.8,17,63,17,1,53,Matches
130,Martin Dúbravka\Martin-Dubravka,sk SVK,GK,Newcastle Utd,32-074,1989,4.0,102,140,72.9,3576,2251,15,15,100.0,43,43,100.0,44,82,53.7,0,0.0,0.0,0,2,0,0,0,Matches
131,Paul Dummett\Paul-Dummett,wal WAL,DF,Newcastle Utd,29-185,1991,4.9,148,198,74.7,2286,1187,89,96,92.7,48,65,73.8,8,30,26.7,0,0.4,-0.4,3,11,1,1,9,Matches
132,Lewis Dunk\Lewis-Dunk,eng ENG,DF,Brighton,29-129,1991,26.0,1510,1683,89.7,34795,9433,381,405,94.1,788,826,95.4,329,433,76.0,0,0.6,-0.6,7,92,0,0,60,Matches
133,Jimmy Dunne\Jimmy-Dunne,ie IRL,DF,Burnley,23-162,1997,2.0,60,89,67.4,1301,256,18,24,75.0,29,40,72.5,12,24,50.0,0,0.1,-0.1,2,0,1,0,1,Matches
134,Ederson\Ederson,br BRA,GK,Manchester City,27-225,1993,29.0,738,882,83.7,19915,11264,96,100,96.0,421,424,99.3,214,350,61.1,1,0.4,+0.6,1,3,2,0,0,Matches
135,Kyle Edwards\Kyle-Edwards,eng ENG,MFFW,West Brom,23-041,1998,1.3,30,35,85.7,420,91,18,18,100.0,12,13,92.3,0,2,0.0,0,0.0,0.0,0,3,0,0,3,Matches
136,John Egan\John-Egan,ie IRL,DF,Sheffield Utd,28-161,1992,21.1,667,796,83.8,15610,5069,168,186,90.3,348,387,89.9,147,211,69.7,1,0.2,+0.8,2,61,5,0,49,Matches
137,Ahmed Elmohamady\Ahmed-Elmohamady,eg EGY,DF,Aston Villa,33-202,1987,6.8,311,416,74.8,5691,2269,134,149,89.9,138,183,75.4,36,75,48.0,0,0.5,-0.5,9,21,16,6,26,Matches
138,Mohamed Elneny\Mohamed-Elneny,eg EGY,MF,Arsenal,28-262,1992,12.0,639,689,92.7,12429,2573,247,261,94.6,298,312,95.5,89,105,84.8,0,0.2,-0.2,4,46,5,0,36,Matches
139,Jonny Evans\Jonny-Evans,nir NIR,DF,Leicester City,33-086,1988,22.5,1221,1405,86.9,26667,7854,306,334,91.6,683,731,93.4,223,324,68.8,1,0.1,+0.9,6,59,0,0,40,Matches
140,Eberechi Eze\Eberechi-Eze,eng ENG,MF,Crystal Palace,22-274,1998,21.8,683,871,78.4,10672,3202,393,440,89.3,212,263,80.6,55,125,44.0,3,1.7,+1.3,28,52,23,3,85,Matches
141,Łukasz Fabiański\Lukasz-Fabianski,pl POL,GK,West Ham,35-346,1985,27.0,464,761,61.0,18864,13738,41,42,97.6,144,147,98.0,278,571,48.7,0,0.0,0.0,0,17,0,0,0,Matches
142,Fabinho\Fabinho,br BRA,DFMF,Liverpool,27-158,1993,19.5,1381,1515,91.2,29248,7549,373,403,92.6,776,813,95.4,220,280,78.6,0,0.4,-0.4,3,67,3,1,65,Matches
143,Bruno Fernandes\Bruno-Fernandes,pt POR,MF,Manchester Utd,26-203,1994,27.4,1353,1821,74.3,26296,7687,635,752,84.4,470,585,80.3,224,382,58.6,10,9.7,+0.3,81,151,79,7,191,Matches
144,Federico Fernández\Federico-Fernandez,ar ARG,DF,Newcastle Utd,32-037,1989,15.3,446,568,78.5,9971,2936,133,153,86.9,211,246,85.8,100,159,62.9,0,0.2,-0.2,3,14,2,1,15,Matches
145,Fernandinho\Fernandinho,br BRA,MF,Manchester City,35-330,1985,9.1,614,704,87.2,11693,2833,263,289,91.0,265,293,90.4,82,112,73.2,0,0.3,-0.3,3,96,8,1,63,Matches
146,Sam Field\Sam-Field,eng ENG,MF,West Brom,22-326,1998,0.7,15,23,65.2,223,41,10,14,71.4,4,5,80.0,1,3,33.3,0,0.0,0.0,0,1,0,0,2,Matches
147,Roberto Firmino\Roberto-Firmino,br BRA,FW,Liverpool,29-179,1991,23.8,757,949,79.8,11061,2575,451,530,85.1,235,295,79.7,42,60,70.0,5,3.8,+1.2,29,54,26,0,88,Matches
148,John Fleck\John-Fleck,sco SCO,MF,Sheffield Utd,29-218,1991,19.6,650,848,76.7,10616,3436,340,377,90.2,220,274,80.3,65,153,42.5,2,2.0,0.0,24,86,18,1,73,Matches
149,Phil Foden\Phil-Foden,eng ENG,FWMF,Manchester City,20-306,2000,14.9,555,681,81.5,8425,1723,328,364,90.1,179,215,83.3,34,71,47.9,5,3.7,+1.3,29,32,17,1,48,Matches
150,Wesley Fofana\Wesley-Fofana,fr FRA,DF,Leicester City,20-103,2000,17.7,999,1154,86.6,21032,5728,302,334,90.4,519,568,91.4,170,236,72.0,0,0.3,-0.3,5,72,1,0,57,Matches
151,Pablo Fornals\Pablo-Fornals,es ESP,FWMF,West Ham,25-036,1996,20.0,527,685,76.9,8697,2452,285,324,88.0,188,248,75.8,48,80,60.0,3,1.9,+1.1,18,43,21,3,66,Matches
152,Fraser Forster\Fraser-Forster,eng ENG,GK,Southampton,33-013,1988,4.0,80,153,52.3,2933,2043,15,15,100.0,24,26,92.3,40,110,36.4,0,0.0,0.0,0,1,0,0,0,Matches
153,Timothy Fosu-Mensah\Timothy-Fosu-Mensah,nl NED,DF,Manchester Utd,23-087,1998,0.9,65,75,86.7,1070,258,30,34,88.2,32,34,94.1,3,6,50.0,0,0.3,-0.3,2,4,1,1,1,Matches
154,Ryan Fraser\Ryan-Fraser,sco SCO,FWMF,Newcastle Utd,27-034,1994,10.3,243,369,65.9,4212,1323,120,139,86.3,84,118,71.2,31,88,35.2,2,2.1,-0.1,25,7,10,9,17,Matches
155,Fred\Fred,br BRA,MF,Manchester Utd,28-025,1993,20.4,1160,1323,87.7,23224,5622,433,474,91.4,515,562,91.6,196,243,80.7,0,1.9,-1.9,18,136,14,0,111,Matches
156,Ryan Fredericks\Ryan-Fredericks,eng ENG,DFFW,West Ham,28-171,1992,5.0,157,220,71.4,2355,831,91,108,84.3,55,80,68.8,7,21,33.3,1,1.2,-0.2,12,8,11,7,13,Matches
157,Christian Fuchs\Christian-Fuchs,at AUT,DF,Leicester City,34-357,1986,7.8,478,589,81.2,9088,3503,204,229,89.1,218,256,85.2,55,93,59.1,0,0.0,0.0,1,42,2,1,33,Matches
158,Darnell Furlong\Darnell-Furlong,eng ENG,DF,West Brom,25-150,1995,23.6,535,896,59.7,9945,4307,248,313,79.2,203,336,60.4,74,208,35.6,2,1.9,+0.1,14,42,14,11,56,Matches
159,Conor Gallagher\Conor-Gallagher,eng ENG,MF,West Brom,21-052,2000,21.9,622,779,79.8,11160,2410,290,339,85.5,238,268,88.8,77,133,57.9,2,0.9,+1.1,13,65,14,2,44,Matches
160,Eric García\Eric-Garcia,es ESP,DF,Manchester City,20-080,2001,2.4,221,236,93.6,4541,1244,71,75,94.7,115,118,97.5,34,42,81.0,0,0.1,-0.1,2,20,0,0,12,Matches
161,Dwight Gayle\Dwight-Gayle,eng ENG,FWMF,Newcastle Utd,30-164,1990,3.3,52,67,77.6,746,120,34,37,91.9,16,22,72.7,1,5,20.0,0,0.1,-0.1,3,0,2,0,3,Matches
162,David de Gea\David-de-Gea,es ESP,GK,Manchester Utd,30-143,1990,23.5,412,536,76.9,10758,6511,119,120,99.2,162,169,95.9,128,242,52.9,0,0.0,0.0,0,3,0,0,0,Matches
163,Anwar El Ghazi\Anwar-El-Ghazi,nl NED,FW,Aston Villa,25-331,1995,10.1,248,362,68.5,3986,1148,143,178,80.3,67,94,71.3,26,58,44.8,0,1.7,-1.7,17,16,14,7,26,Matches
164,Kieran Gibbs\Kieran-Gibbs,eng ENG,DF,West Brom,31-185,1989,9.0,223,311,71.7,3929,1436,103,117,88.0,97,133,72.9,21,54,38.9,0,0.3,-0.3,3,15,3,3,16,Matches
165,Morgan Gibbs-White\Morgan-Gibbs-White,eng ENG,FWMF,Wolves,21-062,2000,1.2,50,63,79.4,817,154,28,32,87.5,15,16,93.8,6,12,50.0,0,0.1,-0.1,3,4,0,0,5,Matches
166,Billy Gilmour\Billy-Gilmour,sco SCO,MF,Chelsea,19-292,2001,0.4,30,36,83.3,673,59,8,9,88.9,13,18,72.2,8,8,100.0,0,0.0,0.0,0,2,0,0,0,Matches
167,Olivier Giroud\Olivier-Giroud,fr FRA,FW,Chelsea,34-181,1986,7.9,150,199,75.4,1798,219,107,136,78.7,24,35,68.6,6,6,100.0,0,0.7,-0.7,7,6,1,0,6,Matches
168,Ben Godfrey\Ben-Godfrey,eng ENG,DF,Everton,23-074,1998,20.7,755,893,84.5,14896,3846,256,293,87.4,380,416,91.3,100,147,68.0,1,0.0,+1.0,0,43,3,1,35,Matches
169,André Gomes\Andre-Gomes,pt POR,MF,Everton,27-243,1993,15.2,658,789,83.4,13020,3145,280,321,87.2,260,292,89.0,107,152,70.4,1,0.5,+0.5,12,73,11,2,69,Matches
170,Joe Gomez\Joe-Gomez,eng ENG,DF,Liverpool,23-311,1997,6.6,480,532,90.2,11390,3061,99,106,93.4,278,296,93.9,99,123,80.5,0,0.0,0.0,1,30,0,0,38,Matches
171,Anthony Gordon\Anthony-Gordon,eng ENG,FWMF,Everton,20-034,2001,1.0,22,26,84.6,365,94,12,13,92.3,8,8,100.0,2,4,50.0,0,0.0,0.0,1,1,2,0,3,Matches
172,Karlan Grant\Karlan-Grant,eng ENG,FWMF,West Brom,23-193,1997,12.1,160,219,73.1,2305,325,90,114,78.9,55,64,85.9,8,14,57.1,0,0.0,0.0,0,5,6,0,9,Matches
173,Demarai Gray\Demarai-Gray,eng ENG,FW,Leicester City,24-275,1996,0.2,7,11,63.6,116,11,4,4,100.0,2,2,100.0,1,2,50.0,0,0.0,0.0,0,1,0,0,0,Matches
174,Jack Grealish\Jack-Grealish,eng ENG,FWMF,Aston Villa,25-201,1995,22.0,783,1002,78.1,13427,4654,399,473,84.4,272,320,85.0,87,144,60.4,10,8.1,+1.9,76,73,63,4,150,Matches
175,Mason Greenwood\Mason-Greenwood,eng ENG,FW,Manchester Utd,19-180,2001,14.4,427,508,84.1,6953,1080,243,267,91.0,145,171,84.8,32,51,62.7,1,1.0,0.0,11,19,11,2,27,Matches
176,Pascal Groß\Pascal-Gross,de GER,MF,Brighton,29-288,1991,18.9,874,1159,75.4,17973,5087,345,413,83.5,357,427,83.6,162,290,55.9,6,4.6,+1.4,52,67,38,14,97,Matches
177,Kamil Grosicki\Kamil-Grosicki,pl POL,FWMF,West Brom,32-295,1988,1.6,32,49,65.3,532,171,13,16,81.3,15,20,75.0,2,10,20.0,1,0.1,+0.9,3,4,1,0,5,Matches
178,Vicente Guaita\Vicente-Guaita,es ESP,GK,Crystal Palace,34-079,1987,29.0,460,834,55.2,16959,11897,64,65,98.5,158,163,96.9,237,605,39.2,0,0.0,0.0,0,7,0,0,0,Matches
179,İlkay Gündoğan\Ilkay-Gundogan,de GER,MF,Manchester City,30-157,1990,19.3,1265,1399,90.4,21205,4036,644,683,94.3,494,534,92.5,105,142,73.9,1,3.8,-2.8,34,115,27,0,107,Matches
180,Antwoine Hackford\Antwoine-Hackford,eng ENG,DFFW,Sheffield Utd,17-010,2004,0.1,1,1,100.0,4,0,0,0,,0,0,,0,0,,0,0.0,0.0,0,0,0,0,0,Matches
181,Sébastien Haller\Sebastien-Haller,ci CIV,FW,West Ham,26-281,1994,10.4,171,252,67.9,2749,525,99,137,72.3,47,65,72.3,17,28,60.7,0,1.2,-1.2,9,13,5,1,19,Matches
182,Rekeem Harper\Rekeem-Harper,eng ENG,MF,West Brom,21-022,2000,0.4,13,16,81.3,242,33,5,6,83.3,7,7,100.0,1,3,33.3,0,0.0,0.0,0,2,0,0,1,Matches
183,Jack Harrison\Jack-Harrison,eng ENG,MF,Leeds United,24-130,1996,23.9,601,875,68.7,10153,3226,310,390,79.5,230,301,76.4,52,130,40.0,5,4.9,+0.1,43,26,48,14,80,Matches
184,Kortney Hause\Kortney-Hause,eng ENG,DF,Aston Villa,25-257,1995,4.0,105,141,74.5,2308,616,22,29,75.9,63,74,85.1,18,34,52.9,0,0.0,0.0,0,8,0,0,6,Matches
185,Kai Havertz\Kai-Havertz,de GER,MFFW,Chelsea,21-292,1999,13.0,543,632,85.9,7981,1242,320,350,91.4,169,195,86.7,33,42,78.6,2,1.3,+0.7,13,34,16,2,37,Matches
186,Isaac Hayden\Isaac-Hayden,eng ENG,MFDF,Newcastle Utd,26-008,1995,21.6,629,790,79.6,12062,2695,248,291,85.2,294,338,87.0,83,124,66.9,0,0.4,-0.4,5,48,3,1,41,Matches
187,Michael Hector\Michael-Hector,jm JAM,DF,Fulham,28-254,1992,2.9,139,175,79.4,3485,1313,21,25,84.0,78,83,94.0,39,64,60.9,0,0.0,0.0,1,10,1,0,11,Matches
188,Ahmed Hegazi\Ahmed-Hegazi,eg EGY,DF,West Brom,30-064,1991,1.0,37,52,71.2,829,381,11,13,84.6,18,25,72.0,8,13,61.5,0,0.0,0.0,0,1,0,0,2,Matches
189,Dean Henderson\Dean-Henderson,eng ENG,GK,Manchester Utd,24-018,1997,5.5,94,132,71.2,2031,980,32,32,100.0,42,42,100.0,20,57,35.1,0,0.0,0.0,0,0,0,0,0,Matches
190,Jordan Henderson\Jordan-Henderson,eng ENG,MFDF,Liverpool,30-286,1990,18.9,1573,1813,86.8,32849,8658,515,559,92.1,782,828,94.4,260,391,66.5,1,1.4,-0.4,12,206,30,1,146,Matches
191,Jeff Hendrick\Jeff-Hendrick,ie IRL,MF,Newcastle Utd,29-058,1992,15.6,428,531,80.6,7529,1767,193,229,84.3,174,194,89.7,49,73,67.1,1,0.7,+0.3,4,27,5,1,35,Matches
192,Pablo Hernández\Pablo-Hernandez,es ESP,MF,Leeds United,35-353,1985,3.8,234,314,74.5,4568,1511,96,118,81.4,98,121,81.0,37,56,66.1,2,0.6,+1.4,5,37,11,1,50,Matches
193,Son Heung-min\Son-Heung-min,kr KOR,FW,Tottenham,28-265,1992,26.1,647,853,75.8,10398,2437,355,416,85.3,195,247,78.9,67,137,48.9,9,7.5,+1.5,55,24,20,2,48,Matches
194,Ki-Jana Hoever\Ki-Jana-Hoever,nl NED,DF,Wolves,19-071,2002,4.4,172,230,74.8,2864,1013,90,101,89.1,66,95,69.5,13,23,56.5,0,0.1,-0.1,2,8,3,1,10,Matches
195,Rob Holding\Rob-Holding,eng ENG,DF,Arsenal,25-191,1995,20.4,1122,1262,88.9,25434,6936,282,296,95.3,606,650,93.2,230,306,75.2,1,0.2,+0.8,4,79,6,0,75,Matches
196,Mason Holgate\Mason-Holgate,eng ENG,DF,Everton,24-159,1996,17.6,671,869,77.2,15090,5268,174,204,85.3,363,428,84.8,130,218,59.6,0,0.2,-0.2,6,39,9,4,51,Matches
197,Conor Hourihane\Conor-Hourihane,ie IRL,MF,Aston Villa,30-056,1991,2.5,116,155,74.8,2503,557,31,35,88.6,52,64,81.3,27,46,58.7,1,0.8,+0.2,4,18,2,1,9,Matches
198,Callum Hudson-Odoi\Callum-Hudson-Odoi,eng ENG,FWDF,Chelsea,20-143,2000,10.0,429,525,81.7,7353,1718,235,266,88.3,138,164,84.1,51,78,65.4,2,2.3,-0.3,24,20,28,9,43,Matches
199,Niall Huggins\Niall-Huggins,wal WAL,DF,Leeds United,20-102,2000,0.4,17,23,73.9,240,57,11,14,78.6,6,6,100.0,0,3,0.0,0,0.0,0.0,0,1,0,0,0,Matches
200,Pierre Højbjerg\Pierre-Hojbjerg,dk DEN,MF,Tottenham,25-237,1995,29.0,1824,2060,88.5,34537,9154,733,805,91.1,818,900,90.9,245,317,77.3,3,1.3,+1.7,13,186,14,2,146,Matches
201,Odion Ighalo\Odion-Ighalo,ng NGA,FW,Manchester Utd,31-287,1989,0.1,1,1,100.0,7,0,1,1,100.0,0,0,,0,0,,0,0.0,0.0,0,0,0,0,0,Matches
202,Kelechi Iheanacho\Kelechi-Iheanacho,ng NGA,FW,Leicester City,24-178,1996,8.1,177,219,80.8,2643,369,108,119,90.8,52,64,81.3,13,24,54.2,0,1.7,-1.7,11,14,8,0,14,Matches
203,Danny Ings\Danny-Ings,eng ENG,FW,Southampton,28-250,1992,18.7,256,396,64.6,3820,1050,150,197,76.1,75,116,64.7,21,46,45.7,3,2.1,+0.9,17,18,15,5,35,Matches
204,Branislav Ivanović\Branislav-Ivanovic,rs SRB,DF,West Brom,37-036,1984,8.4,265,309,85.8,5966,1426,66,73,90.4,147,162,90.7,52,71,73.2,0,0.1,-0.1,1,11,3,0,10,Matches
205,Alex Iwobi\Alex-Iwobi,ng NGA,FWDF,Everton,24-331,1996,14.7,466,609,76.5,8585,2562,187,218,85.8,209,260,80.4,57,96,59.4,2,1.8,+0.2,15,28,25,8,64,Matches
206,Phil Jagielka\Phil-Jagielka,eng ENG,DF,Sheffield Utd,38-225,1982,4.8,111,148,75.0,2861,621,30,35,85.7,42,53,79.2,37,56,66.1,0,0.0,0.0,0,4,0,0,5,Matches
207,Alireza Jahanbakhsh\Alireza-Jahanbakhsh,ir IRN,FWMF,Brighton,27-231,1993,2.9,85,116,73.3,1337,305,41,48,85.4,29,39,74.4,9,15,60.0,1,1.8,-0.8,7,3,8,3,8,Matches
208,Daniel James\Daniel-James,wal WAL,FW,Manchester Utd,23-140,1997,8.1,200,257,77.8,2736,626,127,151,84.1,58,75,77.3,5,8,62.5,0,0.3,-0.3,5,5,9,2,21,Matches
209,Reece James\Reece-James,eng ENG,DF,Chelsea,21-112,1999,19.1,1221,1456,83.9,23149,5661,504,552,91.3,556,622,89.4,149,241,61.8,2,2.3,-0.3,27,61,37,21,90,Matches
210,Alexandre Jankewitz\Alexandre-Jankewitz,ch SUI,MF,Southampton,19-095,2001,0.0,2,3,66.7,31,25,1,1,100.0,1,1,100.0,0,0,,0,0.0,0.0,0,0,1,0,1,Matches
211,Gabriel Jesus\Gabriel-Jesus,br BRA,FW,Manchester City,23-361,1997,16.5,421,502,83.9,5646,650,266,300,88.7,103,121,85.1,21,32,65.6,3,2.5,+0.5,19,17,9,0,21,Matches
212,Raúl Jiménez\Raul-Jimenez,mx MEX,FW,Wolves,29-329,1991,9.1,207,263,78.7,3241,561,126,150,84.0,52,64,81.3,22,32,68.8,0,0.8,-0.8,8,16,9,0,19,Matches
213,Joelinton\Joelinton,br BRA,FWMF,Newcastle Utd,24-228,1996,17.1,358,487,73.5,5031,996,226,272,83.1,106,148,71.6,16,29,55.2,2,1.4,+0.6,13,15,8,2,20,Matches
214,Ben Johnson\Ben-Johnson,eng ENG,DF,West Ham,21-065,2000,4.4,94,139,67.6,1515,676,56,63,88.9,24,39,61.5,10,24,41.7,0,0.0,0.0,1,8,0,0,8,Matches
215,Sam Johnstone\Sam-Johnstone,eng ENG,GK,West Brom,28-005,1993,28.0,499,954,52.3,20357,13722,42,42,100.0,153,160,95.6,304,750,40.5,0,0.0,0.0,0,21,0,0,0,Matches
216,Curtis Jones\Curtis-Jones,eng ENG,MF,Liverpool,20-059,2001,12.1,821,899,91.3,13905,2955,396,424,93.4,329,346,95.1,80,99,80.8,1,1.1,-0.1,12,95,22,2,65,Matches
217,Jorginho\Jorginho,it ITA,MF,Chelsea,29-100,1991,16.0,1088,1224,88.9,19705,4617,488,528,92.4,467,512,91.2,116,158,73.4,1,1.4,-0.4,16,102,12,0,72,Matches
218,Willian José\Willian-Jose,br BRA,FW,Wolves,29-127,1991,7.3,149,180,82.8,2555,287,78,90,86.7,48,55,87.3,18,21,85.7,0,0.3,-0.3,6,7,1,0,8,Matches
219,Diogo Jota\Diogo-Jota,pt POR,FW,Liverpool,24-116,1996,7.8,220,282,78.0,3579,836,122,143,85.3,77,97,79.4,18,27,66.7,0,1.3,-1.3,8,24,5,0,29,Matches
220,James Justin\James-Justin,eng ENG,DF,Leicester City,23-035,1998,23.0,989,1248,79.2,16540,5520,496,557,89.0,413,497,83.1,68,140,48.6,1,1.6,-0.6,18,56,33,7,92,Matches
221,Ozan Kabak\Ozan-Kabak,tr TUR,DF,Liverpool,21-005,2000,5.0,278,304,91.4,5975,1499,87,94,92.6,140,144,97.2,50,65,76.9,0,0.0,0.0,0,9,0,0,10,Matches
222,Aboubakar Kamara\Aboubakar-Kamara,mr MTN,FWDF,Fulham,26-023,1995,3.5,92,128,71.9,1504,409,46,57,80.7,35,41,85.4,7,21,33.3,0,0.4,-0.4,6,4,4,1,11,Matches
223,Harry Kane\Harry-Kane,eng ENG,FW,Tottenham,27-245,1993,26.3,495,695,71.2,9681,3201,217,278,78.1,182,239,76.2,82,130,63.1,13,6.3,+6.7,36,84,35,6,109,Matches
224,N'Golo Kanté\NGolo-Kante,fr FRA,MF,Chelsea,30-001,1991,21.1,1175,1354,86.8,21856,4827,473,529,89.4,554,609,91.0,127,171,74.3,2,1.0,+1.0,20,95,12,1,92,Matches
225,Moise Kean\Moise-Kean,it ITA,FW,Everton,21-030,2000,0.2,7,9,77.8,124,0,2,3,66.7,4,4,100.0,1,1,100.0,0,0.0,0.0,0,0,0,0,0,Matches
226,Michael Keane\Michael-Keane,eng ENG,DF,Everton,28-078,1993,25.2,1312,1476,88.9,29606,9278,291,318,91.5,756,794,95.2,244,334,73.1,1,0.9,+0.1,6,88,5,0,68,Matches
227,Neeskens Kebano\Neeskens-Kebano,cd COD,FWMF,Fulham,29-020,1992,1.3,33,42,78.6,409,99,25,25,100.0,6,11,54.5,1,3,33.3,0,0.0,0.0,0,1,0,0,2,Matches
228,Naby Keïta\Naby-Keita,gn GUI,MF,Liverpool,26-048,1995,5.8,311,356,87.4,5328,1190,143,166,86.1,133,141,94.3,27,35,77.1,0,0.8,-0.8,6,31,10,1,32,Matches
229,Caoimhín Kelleher\Caoimhin-Kelleher,ie IRL,GK,Liverpool,22-127,1998,2.0,51,62,82.3,1459,732,6,6,100.0,26,26,100.0,19,30,63.3,0,0.0,0.0,0,0,0,0,0,Matches
230,Jonjoe Kenny\Jonjoe-Kenny,eng ENG,DF,Everton,24-015,1997,0.9,47,61,77.0,783,221,28,29,96.6,13,20,65.0,6,8,75.0,0,0.0,0.0,0,3,1,0,4,Matches
231,Reda Khadra\Reda-Khadra,de GER,FW,Brighton,19-269,2001,0.1,0,1,0.0,0,0,0,1,0.0,0,0,,0,0,,0,0.0,0.0,0,0,0,0,0,Matches
232,Max Kilman\Max-Kilman,eng ENG,DF,Wolves,23-311,1997,12.5,542,618,87.7,10131,3638,210,222,94.6,279,302,92.4,49,86,57.0,1,0.5,+0.5,4,49,1,0,34,Matches
233,Joshua King\Joshua-King,no NOR,MFFW,Everton,29-074,1992,1.4,28,38,73.7,442,51,14,20,70.0,12,14,85.7,2,3,66.7,0,0.0,0.0,0,0,1,0,3,Matches
234,Mateusz Klich\Mateusz-Klich,pl POL,MF,Leeds United,30-290,1990,23.3,1074,1350,79.6,18635,4892,519,595,87.2,396,472,83.9,124,203,61.1,5,3.6,+1.4,42,99,39,6,133,Matches
235,Robin Koch\Robin-Koch,de GER,DF,Leeds United,24-256,1996,10.1,579,674,85.9,12391,3758,122,142,85.9,367,387,94.8,83,133,62.4,0,0.2,-0.2,4,32,2,0,38,Matches
236,Sead Kolašinac\Sead-Kolasinac,ba BIH,DF,Arsenal,27-283,1993,1.0,54,64,84.4,801,177,30,35,85.7,22,24,91.7,1,3,33.3,0,0.0,0.0,0,3,1,0,4,Matches
237,Ezri Konsa\Ezri-Konsa,eng ENG,DF,Aston Villa,23-158,1997,25.5,773,893,86.6,17562,3981,179,203,88.2,442,475,93.1,145,202,71.8,0,0.0,0.0,0,30,1,0,24,Matches
238,Cheikhou Kouyaté\Cheikhou-Kouyate,sn SEN,DF,Crystal Palace,31-099,1989,25.7,760,961,79.1,15546,4690,270,317,85.2,341,389,87.7,138,231,59.7,0,0.1,-0.1,3,26,2,1,25,Matches
239,Mateo Kovačić\Mateo-Kovacic,hr CRO,MF,Chelsea,26-328,1994,16.9,1312,1433,91.6,25486,5944,522,556,93.9,588,624,94.2,186,227,81.9,1,1.4,-0.4,18,139,18,0,131,Matches
240,Emil Krafth\Emil-Krafth,se SWE,DF,Newcastle Utd,26-240,1994,9.6,265,389,68.1,4264,2050,139,173,80.3,95,139,68.3,23,57,40.4,0,0.1,-0.1,4,13,1,1,15,Matches
241,Filip Krovinović\Filip-Krovinovic,hr CRO,MF,West Brom,25-213,1995,6.1,308,365,84.4,5338,1511,140,156,89.7,127,147,86.4,31,44,70.5,0,0.3,-0.3,5,37,7,0,40,Matches
242,Alexandre Lacazette\Alexandre-Lacazette,fr FRA,FW,Arsenal,29-306,1991,18.0,336,434,77.4,4962,965,188,237,79.3,108,127,85.0,23,38,60.5,2,2.3,-0.3,16,19,17,0,37,Matches
243,Adam Lallana\Adam-Lallana,eng ENG,MFFW,Brighton,32-324,1988,13.2,548,660,83.0,8556,2019,286,322,88.8,199,235,84.7,41,61,67.2,1,2.6,-1.6,23,42,22,3,54,Matches
244,Érik Lamela\Erik-Lamela,ar ARG,FWMF,Tottenham,29-026,1992,6.7,235,301,78.1,3988,789,121,141,85.8,81,96,84.4,29,46,63.0,0,0.9,-0.9,6,16,7,0,21,Matches
245,Tariq Lamptey\Tariq-Lamptey,eng ENG,DF,Brighton,20-181,2000,9.8,390,500,78.0,6346,1711,209,234,89.3,141,188,75.0,32,56,57.1,1,1.1,-0.1,11,12,12,7,27,Matches
246,Manuel Lanzini\Manuel-Lanzini,ar ARG,MFFW,West Ham,28-043,1993,4.5,198,231,85.7,3220,656,107,121,88.4,76,84,90.5,12,20,60.0,1,0.7,+0.3,9,12,4,0,12,Matches
247,Aymeric Laporte\Aymeric-Laporte,fr FRA,DF,Manchester City,26-307,1994,11.4,875,958,91.3,17722,4976,285,303,94.1,464,487,95.3,123,157,78.3,0,0.2,-0.2,2,71,1,0,45,Matches
248,Jamaal Lascelles\Jamaal-Lascelles,eng ENG,DF,Newcastle Utd,27-139,1993,17.1,469,576,81.4,10221,3268,128,144,88.9,260,285,91.2,77,137,56.2,0,0.0,0.0,1,29,5,0,32,Matches
249,Maxime Le Marchand\Maxime-Le-Marchand,fr FRA,DF,Fulham,31-170,1989,1.4,78,82,95.1,1841,642,18,18,100.0,43,45,95.6,16,18,88.9,0,0.0,0.0,0,3,1,0,6,Matches
250,Mario Lemina\Mario-Lemina,ga GAB,MF,Fulham,27-210,1993,13.2,533,622,85.7,10630,2512,186,211,88.2,259,288,89.9,74,105,70.5,0,0.7,-0.7,7,40,11,1,39,Matches
251,Bernd Leno\Bernd-Leno,de GER,GK,Arsenal,29-026,1992,27.8,764,943,81.0,18041,9022,219,219,100.0,384,387,99.2,157,332,47.3,0,0.0,0.0,0,3,0,0,2,Matches
252,Khanya Leshabela\Khanya-Leshabela,za RSA,MF,Leicester City,21-193,1999,0.1,7,9,77.8,98,38,4,5,80.0,1,1,100.0,1,1,100.0,0,0.0,0.0,0,1,0,0,1,Matches
253,Jamal Lewis\Jamal-Lewis,nir NIR,DF,Newcastle Utd,23-064,1998,20.3,634,832,76.2,11062,4545,306,347,88.2,244,304,80.3,70,139,50.4,1,1.6,-0.6,15,34,16,10,31,Matches
254,Victor Lindelöf\Victor-Lindelof,se SWE,DF,Manchester Utd,26-256,1994,21.7,1252,1372,91.3,24342,7866,426,452,94.2,682,710,96.1,134,186,72.0,1,0.5,+0.5,5,76,3,0,67,Matches
255,Jesse Lingard\Jesse-Lingard,eng ENG,MFFW,West Ham,28-105,1992,6.8,193,247,78.1,3056,891,109,127,85.8,54,67,80.6,20,34,58.8,2,0.5,+1.5,7,20,10,3,27,Matches
256,Jake Livermore\Jake-Livermore,eng ENG,MF,West Brom,31-136,1989,13.6,280,376,74.5,4903,1132,124,151,82.1,110,145,75.9,35,60,58.3,0,0.2,-0.2,5,29,2,1,24,Matches
257,Diego Llorente\Diego-Llorente,es ESP,DF,Leeds United,27-226,1993,6.0,254,306,83.0,5952,1655,41,48,85.4,163,184,88.6,49,69,71.0,0,0.6,-0.6,3,17,1,0,13,Matches
258,Hugo Lloris\Hugo-Lloris,fr FRA,GK,Tottenham,34-094,1986,29.0,571,808,70.7,16911,10922,148,149,99.3,202,206,98.1,218,450,48.4,0,0.0,0.0,0,4,0,0,0,Matches
259,Giovani Lo Celso\Giovani-Lo-Celso,ar ARG,MF,Tottenham,24-355,1996,5.6,201,267,75.3,3730,960,96,110,87.3,69,90,76.7,33,54,61.1,1,1.0,0.0,10,21,5,0,25,Matches
260,Ruben Loftus-Cheek\Ruben-Loftus-Cheek,eng ENG,FW,Chelsea,25-066,1996,0.7,11,16,68.8,166,22,6,6,100.0,4,5,80.0,1,3,33.3,0,0.0,0.0,0,1,0,0,1,Matches
261,Ruben Loftus-Cheek\Ruben-Loftus-Cheek,eng ENG,MFFW,Fulham,25-066,1996,18.5,508,613,82.9,8249,1789,249,288,86.5,204,233,87.6,38,52,73.1,0,1.4,-1.4,14,50,10,2,62,Matches
262,Kevin Long\Kevin-Long,ie IRL,DF,Burnley,30-224,1990,7.1,181,255,71.0,4324,1387,41,51,80.4,91,115,79.1,46,80,57.5,0,0.0,0.0,0,9,2,0,15,Matches
263,Shane Long\Shane-Long,ie IRL,FWMF,Southampton,34-067,1987,2.3,38,59,64.4,494,168,27,34,79.4,8,16,50.0,2,2,100.0,0,0.0,0.0,0,3,0,0,4,Matches
264,Matthew Longstaff\Matthew-Longstaff,eng ENG,MF,Newcastle Utd,21-009,2000,4.2,117,148,79.1,2121,341,53,64,82.8,44,50,88.0,19,30,63.3,0,0.1,-0.1,2,4,1,1,3,Matches
265,Sean Longstaff\Sean-Longstaff,eng ENG,MFFW,Newcastle Utd,23-151,1997,9.3,296,365,81.1,6530,1478,108,121,89.3,113,126,89.7,66,100,66.0,0,0.2,-0.2,4,32,2,1,31,Matches
266,Ademola Lookman\Ademola-Lookman,eng ENG,FWMF,Fulham,23-161,1997,25.3,730,960,76.0,12425,3619,349,406,86.0,290,353,82.2,69,139,49.6,4,4.2,-0.2,50,39,35,5,90,Matches
267,Max Lowe\Max-Lowe,eng ENG,DF,Sheffield Utd,23-323,1997,6.1,145,223,65.0,2360,772,79,99,79.8,50,75,66.7,13,34,38.2,0,0.2,-0.2,3,14,5,1,16,Matches
268,Matthew Lowton\Matthew-Lowton,eng ENG,DF,Burnley,31-294,1989,25.0,761,1104,68.9,14942,6841,341,382,89.3,278,382,72.8,131,305,43.0,0,1.4,-1.4,16,88,26,7,97,Matches
269,David Luiz\David-Luiz,br BRA,DF,Arsenal,33-342,1987,14.9,775,930,83.3,17762,4984,170,187,90.9,429,461,93.1,169,262,64.5,0,0.4,-0.4,2,58,7,0,57,Matches
270,Douglas Luiz\Douglas-Luiz,br BRA,MF,Aston Villa,22-325,1998,23.3,884,1054,83.9,18401,4080,302,342,88.3,388,434,89.4,172,228,75.4,2,1.2,+0.8,16,91,12,3,78,Matches
271,John Lundstram\John-Lundstram,eng ENG,MF,Sheffield Utd,27-040,1994,20.3,766,949,80.7,13763,3148,349,378,92.3,309,350,88.3,88,179,49.2,2,1.2,+0.8,19,56,11,2,58,Matches
272,Alexis Mac Allister\Alexis-Mac-Allister,ar ARG,MFFW,Brighton,22-096,1998,9.2,243,304,79.9,4157,1046,113,135,83.7,93,113,82.3,28,37,75.7,1,1.9,-0.9,11,19,13,0,30,Matches
273,James Maddison\James-Maddison,eng ENG,MFFW,Leicester City,24-127,1996,18.1,631,840,75.1,10872,3129,336,384,87.5,197,243,81.1,80,165,48.5,5,3.8,+1.2,42,61,23,2,74,Matches
274,Harry Maguire\Harry-Maguire,eng ENG,DF,Manchester Utd,28-025,1993,29.0,1664,1876,88.7,37029,10687,423,469,90.2,905,974,92.9,324,410,79.0,1,0.3,+0.7,6,162,6,0,79,Matches
275,Riyad Mahrez\Riyad-Mahrez,dz ALG,FW,Manchester City,30-037,1991,18.1,775,922,84.1,12663,2688,410,446,91.9,293,335,87.5,57,96,59.4,4,5.5,-1.5,37,28,47,6,78,Matches
276,Ainsley Maitland-Niles\Ainsley-Maitland-Niles,eng ENG,DF,Arsenal,23-213,1997,5.4,226,288,78.5,4033,1102,109,126,86.5,93,108,86.1,22,42,52.4,0,0.2,-0.2,3,15,3,1,14,Matches
277,Ainsley Maitland-Niles\Ainsley-Maitland-Niles,eng ENG,MF,West Brom,23-213,1997,7.0,175,226,77.4,2741,723,98,117,83.8,48,65,73.8,21,32,65.6,0,0.4,-0.4,3,10,6,1,17,Matches
278,Josh Maja\Josh-Maja,ng NGA,FW,Fulham,22-093,1998,6.1,103,118,87.3,1648,108,56,60,93.3,35,38,92.1,9,10,90.0,0,0.6,-0.6,4,0,2,0,3,Matches
279,Sadio Mané\Sadio-Mane,sn SEN,FW,Liverpool,28-354,1992,24.1,593,804,73.8,10117,2022,298,379,78.6,211,272,77.6,69,94,73.4,4,4.0,0.0,41,27,47,6,74,Matches
280,Javier Manquillo\Javier-Manquillo,es ESP,DF,Newcastle Utd,26-329,1994,9.1,294,394,74.6,4675,2010,171,185,92.4,91,129,70.5,25,56,44.6,0,0.2,-0.2,4,15,4,2,20,Matches
281,Fernando Marçal\Fernando-Marcal,br BRA,DF,Wolves,32-039,1989,6.8,298,358,83.2,5315,1994,152,162,93.8,112,133,84.2,33,54,61.1,0,0.1,-0.1,3,15,2,1,24,Matches
282,Solly March\Solly-March,eng ENG,DF,Brighton,26-253,1994,18.6,681,975,69.8,12847,4328,319,374,85.3,261,350,74.6,94,205,45.9,1,1.7,-0.7,27,39,34,13,77,Matches
283,Pablo Marí\Pablo-Mari,es ESP,DF,Arsenal,27-211,1993,7.0,370,417,88.7,7375,1883,118,126,93.7,198,205,96.6,49,78,62.8,0,0.0,0.0,0,15,0,0,17,Matches
284,Anthony Martial\Anthony-Martial,fr FRA,FW,Manchester Utd,25-115,1995,16.4,402,486,82.7,5642,1141,247,279,88.5,120,144,83.3,16,20,80.0,3,2.0,+1.0,15,26,15,0,43,Matches
285,Martinelli\Martinelli,br BRA,FW,Arsenal,19-285,2001,2.4,31,42,73.8,456,168,20,25,80.0,9,11,81.8,2,4,50.0,0,0.0,0.0,1,1,1,0,4,Matches
286,Emiliano Martínez\Emiliano-Martinez,ar ARG,GK,Aston Villa,28-209,1992,28.0,611,947,64.5,21034,13754,65,65,100.0,285,286,99.7,259,593,43.7,0,0.2,-0.2,2,18,0,0,0,Matches
287,Arthur Masuaku\Arthur-Masuaku,cd COD,DF,West Ham,27-143,1993,9.4,389,486,80.0,6552,2246,218,241,90.5,129,166,77.7,37,60,61.7,1,1.6,-0.6,11,22,15,10,32,Matches
288,Juan Mata\Juan-Mata,es ESP,FW,Manchester Utd,32-336,1988,3.8,160,193,82.9,2459,608,98,107,91.6,45,54,83.3,15,25,60.0,2,0.8,+1.2,8,13,3,1,15,Matches
289,Jean-Philippe Mateta\Jean-Philippe-Mateta,fr FRA,FW,Crystal Palace,23-275,1997,1.9,25,36,69.4,285,64,20,22,90.9,4,11,36.4,0,0,,0,0.0,0.0,1,1,0,0,3,Matches
290,Nemanja Matić\Nemanja-Matic,rs SRB,MF,Manchester Utd,32-241,1988,10.2,734,805,91.2,13889,3806,288,307,93.8,348,375,92.8,89,107,83.2,0,0.3,-0.3,6,74,8,2,72,Matches
291,Joël Matip\Joel-Matip,cm CMR,DF,Liverpool,29-234,1991,7.7,466,527,88.4,10054,2584,127,136,93.4,256,271,94.5,80,114,70.2,2,1.0,+1.0,2,30,1,0,15,Matches
292,Neal Maupay\Neal-Maupay,fr FRA,FWMF,Brighton,24-228,1996,22.8,403,516,78.1,6178,1093,207,248,83.5,151,173,87.3,23,45,51.1,2,3.0,-1.0,25,28,20,2,33,Matches
293,James McArthur\James-McArthur,sco SCO,MF,Crystal Palace,33-174,1987,16.3,627,769,81.5,11897,3424,240,276,87.0,288,327,88.1,83,128,64.8,2,0.9,+1.1,13,63,6,0,60,Matches
294,Oliver McBurnie\Oliver-McBurnie,sco SCO,FW,Sheffield Utd,24-299,1996,13.7,246,394,62.4,3367,960,153,229,66.8,73,118,61.9,8,12,66.7,0,1.1,-1.1,14,20,15,0,40,Matches
295,Alex McCarthy\Alex-McCarthy,eng ENG,GK,Southampton,31-117,1989,25.0,574,900,63.8,15288,9479,151,152,99.3,247,250,98.8,173,494,35.0,0,0.0,0.0,0,7,2,0,0,Matches
296,James McCarthy\James-McCarthy,ie IRL,MF,Crystal Palace,30-138,1990,6.0,173,224,77.2,3645,735,57,69,82.6,76,91,83.5,35,54,64.8,0,0.1,-0.1,3,10,3,2,15,Matches
297,John McGinn\John-McGinn,sco SCO,MF,Aston Villa,26-163,1994,27.0,791,1027,77.0,17084,5710,268,311,86.2,342,414,82.6,160,251,63.7,4,2.2,+1.8,27,135,32,5,138,Matches
298,David McGoldrick\David-McGoldrick,ie IRL,FWMF,Sheffield Utd,33-121,1987,18.0,473,630,75.1,7930,1441,251,319,78.7,167,219,76.3,48,66,72.7,1,1.1,-0.1,11,39,14,3,40,Matches
299,Dwight McNeil\Dwight-McNeil,eng ENG,MF,Burnley,21-128,1999,25.7,678,964,70.3,13802,3772,272,316,86.1,255,318,80.2,131,264,49.6,3,4.2,-1.2,34,55,30,20,54,Matches
300,Scott McTominay\Scott-McTominay,sco SCO,MF,Manchester Utd,24-112,1996,17.9,820,942,87.0,16339,4033,302,331,91.2,389,437,89.0,118,152,77.6,1,0.8,+0.2,12,78,7,0,72,Matches
301,Ben Mee\Ben-Mee,eng ENG,DF,Burnley,31-188,1989,21.9,591,790,74.8,13617,5195,179,211,84.8,262,309,84.8,142,253,56.1,0,0.1,-0.1,3,29,0,0,39,Matches
302,Benjamin Mendy\Benjamin-Mendy,fr FRA,DF,Manchester City,26-256,1994,6.7,349,432,80.8,6469,1758,131,153,85.6,176,198,88.9,39,65,60.0,0,0.0,0.0,1,16,3,1,29,Matches
303,Edouard Mendy\Edouard-Mendy,sn SEN,GK,Chelsea,29-029,1992,24.0,693,815,85.0,17495,8768,163,165,98.8,334,337,99.1,192,309,62.1,0,0.0,0.0,0,4,0,0,0,Matches
304,Nampalys Mendy\Nampalys-Mendy,sn SEN,MF,Leicester City,28-280,1992,15.2,836,915,91.4,14437,2965,385,414,93.0,361,385,93.8,75,95,78.9,1,0.3,+0.7,5,75,0,0,48,Matches
305,Illan Meslier\Illan-Meslier,fr FRA,GK,Leeds United,21-028,2000,28.0,892,1069,83.4,22351,10665,216,218,99.1,429,435,98.6,244,413,59.1,0,0.1,-0.1,1,2,0,0,0,Matches
306,Luka Milivojević\Luka-Milivojevic,rs SRB,MF,Crystal Palace,29-357,1991,20.6,814,1007,80.8,16294,5042,306,343,89.2,364,429,84.8,131,203,64.5,1,1.2,-0.2,15,80,10,2,83,Matches
307,James Milner\James-Milner,eng ENG,MFDF,Liverpool,35-085,1986,8.3,585,692,84.5,11264,3167,247,267,92.5,244,272,89.7,88,122,72.1,1,1.1,-0.1,11,63,21,5,66,Matches
308,Yerry Mina\Yerry-Mina,co COL,DF,Everton,26-188,1994,18.2,948,1047,90.5,19428,5214,252,269,93.7,541,568,95.2,131,177,74.0,0,0.0,0.0,0,44,0,0,41,Matches
309,Takumi Minamino\Takumi-Minamino,jp JPN,MFFW,Southampton,26-073,1995,4.6,112,156,71.8,1702,371,59,74,79.7,39,53,73.6,8,18,44.4,0,0.2,-0.2,2,8,1,0,11,Matches
310,Takumi Minamino\Takumi-Minamino,jp JPN,MFFW,Liverpool,26-073,1995,3.3,111,139,79.9,1589,332,66,73,90.4,40,49,81.6,3,12,25.0,0,0.0,0.0,0,11,2,0,4,Matches
311,Tyrone Mings\Tyrone-Mings,eng ENG,DF,Aston Villa,28-017,1993,26.5,953,1210,78.8,22431,8542,214,245,87.3,533,584,91.3,198,355,55.8,1,0.5,+0.5,6,87,3,1,80,Matches
312,Tyrick Mitchell\Tyrick-Mitchell,eng ENG,DF,Crystal Palace,21-210,1999,13.0,383,543,70.5,6353,4023,185,216,85.6,160,219,73.1,30,71,42.3,0,0.3,-0.3,2,37,8,4,43,Matches
313,Aleksandar Mitrović\Aleksandar-Mitrovic,rs SRB,FW,Fulham,26-195,1994,12.5,243,314,77.4,3302,538,149,180,82.8,66,89,74.2,13,20,65.0,3,2.5,+0.5,19,11,11,1,17,Matches
314,Jakub Moder\Jakub-Moder,pl POL,DF,Brighton,21-357,1999,1.1,33,44,75.0,585,220,15,18,83.3,15,19,78.9,3,6,50.0,0,0.0,0.0,0,5,2,0,6,Matches
315,Jayson Molumby\Jayson-Molumby,ie IRL,MF,Brighton,21-236,1999,0.0,0,1,0.0,0,0,0,0,,0,0,,0,1,0.0,0,0.0,0.0,0,0,0,0,0,Matches
316,Wes Morgan\Wes-Morgan,jm JAM,DF,Leicester City,37-068,1984,0.2,5,5,100.0,93,78,2,2,100.0,3,3,100.0,0,0,,0,0.0,0.0,0,0,0,0,2,Matches
317,Mason Mount\Mason-Mount,eng ENG,MFFW,Chelsea,22-079,1999,24.8,1211,1462,82.8,21606,5874,591,648,91.2,424,486,87.2,160,242,66.1,3,5.4,-2.4,73,115,43,5,142,Matches
318,Lucas Moura\Lucas-Moura,br BRA,FWMF,Tottenham,28-229,1992,12.3,364,487,74.7,5375,1244,214,260,82.3,123,150,82.0,17,45,37.8,3,1.7,+1.3,10,23,10,1,35,Matches
319,Lys Mousset\Lys-Mousset,fr FRA,FWMF,Sheffield Utd,25-050,1996,2.9,36,46,78.3,591,93,19,25,76.0,13,16,81.3,2,3,66.7,0,0.3,-0.3,3,5,0,0,3,Matches
320,João Moutinho\Joao-Moutinho,pt POR,MF,Wolves,34-203,1986,22.6,1208,1424,84.8,24202,5728,427,465,91.8,544,599,90.8,209,305,68.5,1,2.1,-1.1,35,91,13,4,96,Matches
321,Joel Mumbongo\Joel-Mumbongo,se SWE,FW,Burnley,22-080,1999,0.4,4,5,80.0,36,0,4,4,100.0,0,0,,0,0,,0,0.0,0.0,0,0,0,0,0,Matches
322,Jacob Murphy\Jacob-Murphy,eng ENG,DFMF,Newcastle Utd,26-034,1995,9.2,170,266,63.9,2900,1104,81,101,80.2,61,91,67.0,22,55,40.0,2,1.2,+0.8,11,10,18,5,21,Matches
323,Shkodran Mustafi\Shkodran-Mustafi,de GER,DF,Arsenal,28-347,1992,0.5,41,48,85.4,1100,210,2,2,100.0,31,34,91.2,8,12,66.7,0,0.0,0.0,0,2,0,0,4,Matches
324,Marvelous Nakamba\Marvelous-Nakamba,zw ZIM,MF,Aston Villa,27-070,1994,4.9,153,176,86.9,2763,683,68,75,90.7,64,71,90.1,19,28,67.9,0,0.0,0.0,1,12,0,0,6,Matches
325,Iliman Ndiaye\Iliman-Ndiaye,fr FRA,MF,Sheffield Utd,21-251,1999,0.1,3,3,100.0,35,16,1,1,100.0,1,1,100.0,0,0,,0,0.0,0.0,0,0,0,0,1,Matches
326,Wilfred Ndidi\Wilfred-Ndidi,ng NGA,MFDF,Leicester City,24-104,1996,15.6,787,887,88.7,15292,3280,299,339,88.2,346,366,94.5,123,151,81.5,3,1.0,+2.0,11,40,1,0,33,Matches
327,Tanguy Ndombele\Tanguy-Ndombele,fr FRA,MF,Tottenham,24-092,1996,19.5,840,988,85.0,13477,3567,445,500,89.0,289,343,84.3,70,91,76.9,1,2.0,-1.0,14,84,18,0,84,Matches
328,Reiss Nelson\Reiss-Nelson,eng ENG,FW,Arsenal,21-110,1999,0.8,17,30,56.7,319,94,9,9,100.0,6,9,66.7,2,9,22.2,0,0.0,0.0,0,2,1,0,2,Matches
329,Pedro Neto\Pedro-Neto,pt POR,FWMF,Wolves,21-021,2000,27.0,899,1144,78.6,14463,3094,484,531,91.1,299,368,81.3,84,170,49.4,5,5.6,-0.6,56,33,38,24,50,Matches
330,Rúben Neves\Ruben-Neves,pt POR,MF,Wolves,24-017,1997,23.1,1207,1440,83.8,28200,6170,309,357,86.6,589,658,89.5,300,394,76.1,1,1.6,-0.6,21,144,17,2,101,Matches
331,Eddie Nketiah\Eddie-Nketiah,eng ENG,FW,Arsenal,21-304,1999,3.6,54,68,79.4,699,64,38,47,80.9,14,18,77.8,1,1,100.0,1,0.6,+0.4,3,0,1,0,1,Matches
332,Niels Nkounkou\Niels-Nkounkou,fr FRA,DF,Everton,20-149,2000,0.8,24,29,82.8,441,89,13,13,100.0,7,9,77.8,4,6,66.7,0,0.0,0.0,0,2,0,0,1,Matches
333,Dan Nlundulu\Dan-Nlundulu,eng ENG,FW,Southampton,22-053,1999,1.2,22,31,71.0,398,55,10,15,66.7,11,12,91.7,1,1,100.0,0,0.0,0.0,1,3,1,0,2,Matches
334,Mark Noble\Mark-Noble,eng ENG,MF,West Ham,33-326,1987,4.4,205,240,85.4,3918,828,82,91,90.1,93,105,88.6,26,34,76.5,0,0.1,-0.1,2,19,3,1,12,Matches
335,Oliver Norwood\Oliver-Norwood,nir NIR,MF,Sheffield Utd,29-352,1991,16.0,757,972,77.9,16824,4625,233,265,87.9,355,407,87.2,162,287,56.4,0,1.1,-1.1,19,84,23,6,76,Matches
336,Jack O'Connell\Jack-OConnell,eng ENG,DF,Sheffield Utd,27-001,1994,2.0,60,77,77.9,1225,531,23,24,95.8,24,30,80.0,12,20,60.0,0,0.0,0.0,0,4,2,0,6,Matches
337,Dara O'Shea\Dara-OShea,ie IRL,DF,West Brom,22-026,1999,20.0,493,751,65.6,10788,5149,188,220,85.5,189,266,71.1,110,239,46.0,0,0.1,-0.1,6,57,3,0,49,Matches
338,Michael Obafemi\Michael-Obafemi,ie IRL,FW,Southampton,20-267,2000,0.2,3,3,100.0,22,12,3,3,100.0,0,0,,0,0,,0,0.0,0.0,0,0,0,0,0,Matches
339,Denis Odoi\Denis-Odoi,be BEL,DF,Fulham,32-307,1988,3.0,153,185,82.7,3165,1036,54,60,90.0,72,82,87.8,25,36,69.4,0,0.1,-0.1,1,11,2,1,10,Matches
340,Angelo Ogbonna\Angelo-Ogbonna,it ITA,DF,West Ham,32-311,1988,22.7,649,776,83.6,14346,3785,146,166,88.0,374,415,90.1,118,178,66.3,0,1.0,-1.0,3,20,0,0,21,Matches
341,Robin Olsen\Robin-Olsen,se SWE,GK,Everton,31-081,1990,5.0,98,139,70.5,3551,2499,11,11,100.0,41,41,100.0,46,87,52.9,0,0.0,0.0,0,1,0,0,0,Matches
342,Josh Onomah\Josh-Onomah,eng ENG,MF,Fulham,23-337,1997,1.8,52,63,82.5,700,135,28,35,80.0,20,21,95.2,0,3,0.0,0,0.0,0.0,1,4,2,0,3,Matches
343,Divock Origi\Divock-Origi,be BEL,FW,Liverpool,25-346,1995,2.1,47,61,77.0,586,79,27,32,84.4,15,19,78.9,0,2,0.0,0,0.2,-0.2,2,2,0,0,1,Matches
344,Ben Osborn\Ben-Osborn,eng ENG,MFDF,Sheffield Utd,26-237,1994,10.1,406,521,77.9,6687,2671,224,251,89.2,131,156,84.0,42,89,47.2,0,1.4,-1.4,12,40,16,8,44,Matches
345,Owen Otasowie\Owen-Otasowie,us USA,MF,Wolves,19-344,2001,1.3,35,47,74.5,566,88,17,24,70.8,14,17,82.4,3,5,60.0,1,0.1,+0.9,2,0,0,0,1,Matches
346,Alex Oxlade-Chamberlain\Alex-Oxlade-Chamberlain,eng ENG,FWMF,Liverpool,27-227,1993,2.5,101,131,77.1,2138,425,37,48,77.1,43,53,81.1,18,20,90.0,1,0.2,+0.8,2,16,2,0,14,Matches
347,Emerson Palmieri\Emerson-Palmieri,it ITA,DF,Chelsea,26-239,1994,1.0,51,63,81.0,927,203,27,28,96.4,15,19,78.9,8,11,72.7,0,0.0,0.0,0,1,1,1,0,Matches
348,Thomas Partey\Thomas-Partey,gh GHA,MF,Arsenal,27-290,1993,10.7,600,689,87.1,11604,3191,243,265,91.7,263,292,90.1,84,114,73.7,1,0.6,+0.4,9,85,7,0,73,Matches
349,Rui Patrício\Rui-Patricio,pt POR,GK,Wolves,33-043,1988,29.0,414,632,65.5,14556,9552,72,73,98.6,112,114,98.2,225,439,51.3,0,0.0,0.0,0,3,0,0,0,Matches
350,Bailey Peacock-Farrell\Bailey-Peacock-Farrell,nir NIR,GK,Burnley,24-152,1996,1.0,14,32,43.8,798,717,0,0,,3,3,100.0,11,28,39.3,0,0.0,0.0,0,0,0,0,0,Matches
351,Lee Peltier\Lee-Peltier,eng ENG,DF,West Brom,34-109,1986,2.5,48,76,63.2,895,258,21,23,91.3,22,28,78.6,5,21,23.8,0,0.0,0.0,1,4,2,1,2,Matches
352,Nicolas Pépé\Nicolas-Pepe,ci CIV,FW,Arsenal,25-305,1995,11.7,290,405,71.6,4214,901,166,204,81.4,98,125,78.4,17,40,42.5,1,0.6,+0.4,7,10,11,1,24,Matches
353,Matheus Pereira\Matheus-Pereira,br BRA,MFFW,West Brom,24-329,1996,20.8,572,797,71.8,9849,3314,305,354,86.2,167,221,75.6,77,170,45.3,3,2.9,+0.1,39,50,36,8,72,Matches
354,Ricardo Pereira\Ricardo-Pereira,pt POR,DFFW,Leicester City,27-175,1993,8.1,275,367,74.9,4350,1533,146,171,85.4,107,139,77.0,16,33,48.5,0,0.2,-0.2,4,10,7,0,29,Matches
355,Ayoze Pérez\Ayoze-Perez,es ESP,FWMF,Leicester City,27-250,1993,10.7,273,359,76.0,3827,1046,175,206,85.0,77,99,77.8,13,29,44.8,0,1.1,-1.1,18,16,22,4,38,Matches
356,Kalvin Phillips\Kalvin-Phillips,eng ENG,MF,Leeds United,25-118,1995,20.5,972,1175,82.7,22763,5818,267,294,90.8,435,482,90.2,256,365,70.1,2,3.1,-1.1,26,114,13,3,87,Matches
357,Matt Phillips\Matt-Phillips,sco SCO,MFDF,West Brom,30-017,1991,12.4,273,392,69.6,4721,1586,137,165,83.0,92,131,70.2,33,70,47.1,1,1.6,-0.6,18,16,16,11,26,Matches
358,Nathaniel Phillips\Nathaniel-Phillips,eng ENG,DF,Liverpool,24-009,1997,9.2,548,637,86.0,12178,3754,137,149,91.9,310,331,93.7,98,150,65.3,0,0.1,-0.1,2,53,1,0,39,Matches
359,Jordan Pickford\Jordan-Pickford,eng ENG,GK,Everton,27-023,1994,22.5,556,844,65.9,19351,13493,126,128,98.4,174,175,99.4,251,534,47.0,0,0.0,0.0,1,26,1,0,0,Matches
360,Erik Pieters\Erik-Pieters,nl NED,DFMF,Burnley,32-235,1988,12.7,376,509,73.9,6797,2646,158,180,87.8,159,196,81.1,45,106,42.5,1,0.4,+0.6,5,27,4,1,28,Matches
361,Daniel Podence\Daniel-Podence,pt POR,FWMF,Wolves,25-160,1995,14.6,381,506,75.3,7053,1875,189,220,85.9,131,174,75.3,53,80,66.3,2,1.2,+0.8,17,38,14,2,54,Matches
362,Paul Pogba\Paul-Pogba,fr FRA,MFFW,Manchester Utd,28-015,1993,15.0,829,999,83.0,15916,3772,376,421,89.3,301,334,90.1,132,198,66.7,0,1.2,-1.2,14,81,20,0,81,Matches
363,Nick Pope\Nick-Pope,eng ENG,GK,Burnley,28-345,1992,28.0,437,851,51.4,20387,16296,23,25,92.0,97,102,95.1,316,722,43.8,0,0.4,-0.4,3,29,1,0,0,Matches
364,Dennis Praet\Dennis-Praet,be BEL,MFFW,Leicester City,26-320,1994,7.3,215,272,79.0,3380,766,115,130,88.5,79,101,78.2,14,28,50.0,1,0.8,+0.2,7,9,7,2,18,Matches
365,Davy Pröpper\Davy-Propper,nl NED,MF,Brighton,29-209,1991,2.4,73,96,76.0,1416,432,25,33,75.8,39,48,81.3,8,11,72.7,0,0.0,0.0,0,7,5,1,13,Matches
366,Christian Pulisic\Christian-Pulisic,us USA,FW,Chelsea,22-193,1998,12.0,325,421,77.2,5109,1237,183,219,83.6,114,150,76.0,21,32,65.6,1,1.8,-0.8,15,17,26,1,42,Matches
367,Aaron Ramsdale\Aaron-Ramsdale,eng ENG,GK,Sheffield Utd,22-320,1998,29.0,388,843,46.0,18171,14264,38,39,97.4,98,100,98.0,252,702,35.9,0,0.1,-0.1,1,42,0,0,0,Matches
368,Jacob Ramsey\Jacob-Ramsey,eng ENG,MF,Aston Villa,19-306,2001,4.3,117,136,86.0,2050,387,59,68,86.8,38,41,92.7,16,19,84.2,0,0.1,-0.1,4,10,0,0,11,Matches
369,Kayne Ramsey\Kayne-Ramsey,eng ENG,DF,Southampton,20-171,2000,1.0,18,26,69.2,286,101,6,7,85.7,8,10,80.0,1,4,25.0,0,0.0,0.0,0,0,0,0,0,Matches
370,Darren Randolph\Darren-Randolph,ie IRL,GK,West Ham,33-322,1987,2.0,25,41,61.0,856,640,5,5,100.0,9,9,100.0,11,27,40.7,0,0.0,0.0,0,0,0,0,0,Matches
371,Marcus Rashford\Marcus-Rashford,eng ENG,FW,Manchester Utd,23-150,1997,26.4,823,1026,80.2,12958,2502,450,519,86.7,284,340,83.5,65,100,65.0,7,2.6,+4.4,32,26,41,4,75,Matches
372,Tim Ream\Tim-Ream,us USA,DF,Fulham,33-176,1987,5.0,267,292,91.4,5879,1834,74,76,97.4,139,146,95.2,53,67,79.1,0,0.0,0.0,0,15,0,0,13,Matches
373,Nathan Redmond\Nathan-Redmond,eng ENG,MFFW,Southampton,27-024,1994,12.0,342,456,75.0,5597,1279,175,215,81.4,127,165,77.0,29,44,65.9,1,1.4,-0.4,10,22,19,2,45,Matches
374,Harrison Reed\Harrison-Reed,eng ENG,MF,Fulham,26-062,1995,21.6,1105,1279,86.4,21122,4980,412,448,92.0,545,601,90.7,134,194,69.1,2,1.3,+0.7,19,80,16,4,84,Matches
375,Sergio Reguilón\Sergio-Reguilon,es ESP,DF,Tottenham,24-104,1996,16.2,661,868,76.2,11533,3917,324,366,88.5,272,344,79.1,55,126,43.7,3,1.3,+1.7,11,32,14,9,44,Matches
376,Bobby Reid\Bobby-Reid,jm JAM,FWDF,Fulham,28-056,1993,18.6,434,588,73.8,7176,2161,224,263,85.2,154,200,77.0,41,88,46.6,0,0.9,-0.9,12,27,21,2,47,Matches
377,Declan Rice\Declan-Rice,eng ENG,MF,West Ham,22-075,1999,29.0,1170,1363,85.8,22794,5612,466,517,90.1,510,567,89.9,183,247,74.1,1,2.0,-1.0,17,102,19,9,89,Matches
378,Lewis Richardson\Lewis-Richardson,eng ENG,FW,Burnley,18-051,2003,0.0,0,1,0.0,0,0,0,1,0.0,0,0,,0,0,,0,0.0,0.0,0,0,0,0,0,Matches
379,Richarlison\Richarlison,br BRA,FW,Everton,23-324,1997,22.0,381,552,69.0,5827,1236,221,278,79.5,130,184,70.7,24,43,55.8,3,2.0,+1.0,14,14,9,1,26,Matches
380,Jaïro Riedewald\Jairo-Riedewald,nl NED,MF,Crystal Palace,24-202,1996,14.9,422,487,86.7,7605,1976,180,202,89.1,181,202,89.6,50,66,75.8,0,0.9,-0.9,8,41,7,0,37,Matches
381,Matt Ritchie\Matt-Ritchie,sco SCO,DFMF,Newcastle Utd,31-201,1989,6.1,168,272,61.8,3312,1473,73,86,84.9,61,90,67.8,32,82,39.0,0,0.7,-0.7,12,13,7,5,17,Matches
382,Tyler Roberts\Tyler-Roberts,wal WAL,MFFW,Leeds United,22-077,1999,9.3,211,297,71.0,3323,826,112,147,76.2,67,86,77.9,20,39,51.3,2,0.9,+1.1,10,15,13,1,30,Matches
383,Andrew Robertson\Andrew-Robertson,sco SCO,DF,Liverpool,27-019,1994,28.9,2036,2554,79.7,37313,12154,886,1000,88.6,922,1062,86.8,205,415,49.4,5,5.2,-0.2,47,139,51,20,204,Matches
384,Antonee Robinson\Antonee-Robinson,us USA,DF,Fulham,23-234,1997,20.0,810,1105,73.3,14960,5782,354,408,86.8,356,449,79.3,95,207,45.9,0,1.2,-1.2,23,33,33,18,75,Matches
385,Callum Robinson\Callum-Robinson,ie IRL,FWMF,West Brom,26-056,1995,13.2,228,339,67.3,3571,698,121,155,78.1,74,98,75.5,22,48,45.8,0,0.6,-0.6,10,11,8,6,9,Matches
386,Jack Robinson\Jack-Robinson,eng ENG,DF,Sheffield Utd,27-210,1993,6.7,251,319,78.7,4971,1727,99,110,90.0,104,125,83.2,44,74,59.5,0,0.0,0.0,0,21,1,0,17,Matches
387,Hal Robson-Kanu\Hal-Robson-Kanu,wal WAL,FWMF,West Brom,31-313,1989,3.1,30,41,73.2,510,141,12,17,70.6,9,10,90.0,5,9,55.6,0,0.2,-0.2,3,4,2,1,5,Matches
388,Marek Rodák\Marek-Rodak,sk SVK,GK,Fulham,24-107,1996,1.0,19,26,73.1,596,359,3,3,100.0,8,8,100.0,8,15,53.3,0,0.0,0.0,0,0,0,0,0,Matches
389,Joe Rodon\Joe-Rodon,wal WAL,DF,Tottenham,23-159,1997,5.1,258,291,88.7,5574,1416,69,74,93.2,145,154,94.2,43,61,70.5,0,0.0,0.0,0,7,0,0,8,Matches
390,Rodri\Rodri,es ESP,MF,Manchester City,24-281,1996,24.1,1958,2152,91.0,39573,8406,733,781,93.9,859,924,93.0,344,404,85.1,1,1.5,-0.5,20,197,15,1,133,Matches
391,Rodrigo\Rodrigo,es ESP,MFFW,Leeds United,30-024,1991,11.8,375,497,75.5,6611,1530,180,217,82.9,142,182,78.0,42,67,62.7,1,1.8,-0.8,22,33,16,4,48,Matches
392,James Rodríguez\James-Rodriguez,co COL,FWMF,Everton,29-261,1991,14.9,642,824,77.9,13484,4107,260,302,86.1,222,262,84.7,146,225,64.9,4,4.2,-0.2,33,75,31,5,104,Matches
393,Jay Rodriguez\Jay-Rodriguez,eng ENG,FWMF,Burnley,31-244,1989,12.6,189,255,74.1,2423,553,120,151,79.5,45,66,68.2,9,17,52.9,2,1.2,+0.8,7,10,7,1,21,Matches
394,Oriol Romeu\Oriol-Romeu,es ESP,MF,Southampton,29-187,1991,19.2,1018,1231,82.7,17139,3458,491,561,87.5,435,495,87.9,74,136,54.4,1,1.1,-0.1,14,58,14,1,80,Matches
395,John Ruddy\John-Ruddy,eng ENG,GK,Wolves,34-157,1986,0.0,1,3,33.3,33,21,0,0,,0,0,,1,3,33.3,0,0.0,0.0,0,0,0,0,0,Matches
396,Antonio Rüdiger\Antonio-Rudiger,de GER,DF,Chelsea,28-027,1993,13.0,918,1008,91.1,19503,5298,257,263,97.7,510,527,96.8,143,203,70.4,0,0.3,-0.3,3,72,4,1,37,Matches
397,Mathew Ryan\Mathew-Ryan,au AUS,GK,Arsenal,28-356,1992,1.0,17,17,100.0,509,310,2,2,100.0,8,8,100.0,7,7,100.0,0,0.0,0.0,0,0,0,0,0,Matches
398,Mathew Ryan\Mathew-Ryan,au AUS,GK,Brighton,28-356,1992,11.0,314,399,78.7,8454,4146,62,62,100.0,160,160,100.0,92,177,52.0,0,0.0,0.0,0,1,0,0,0,Matches
399,Allan Saint-Maximin\Allan-Saint-Maximin,fr FRA,FWMF,Newcastle Utd,24-018,1997,10.6,206,258,79.8,3436,795,101,118,85.6,86,100,86.0,16,24,66.7,3,2.3,+0.7,15,13,6,1,27,Matches
400,Romain Saïss\Romain-Saiss,ma MAR,DF,Wolves,31-004,1990,19.7,804,978,82.2,17435,7231,236,253,93.3,406,460,88.3,152,239,63.6,0,0.2,-0.2,3,70,3,1,72,Matches
401,Bukayo Saka\Bukayo-Saka,eng ENG,FWDF,Arsenal,19-206,2001,23.0,683,914,74.7,10598,2819,382,447,85.5,231,287,80.5,50,125,40.0,2,3.8,-1.8,29,42,26,8,55,Matches
402,Mamadou Sakho\Mamadou-Sakho,fr FRA,DF,Crystal Palace,31-045,1990,3.1,72,82,87.8,1518,639,22,26,84.6,33,33,100.0,16,22,72.7,0,0.0,0.0,0,2,0,0,3,Matches
403,Mohamed Salah\Mohamed-Salah,eg EGY,FW,Liverpool,28-288,1992,26.0,846,1011,83.7,12995,3017,498,544,91.5,271,322,84.2,54,86,62.8,3,3.9,-0.9,37,52,58,8,112,Matches
404,Mohammed Salisu\Mohammed-Salisu,gh GHA,DF,Southampton,21-347,1999,3.9,130,160,81.3,2324,958,49,55,89.1,67,79,84.8,11,18,61.1,0,0.0,0.0,1,12,0,0,12,Matches
405,Davinson Sánchez\Davinson-Sanchez,co COL,DF,Tottenham,24-291,1996,14.5,757,868,87.2,16474,4218,194,213,91.1,419,454,92.3,137,184,74.5,0,0.0,0.0,0,20,1,0,27,Matches
406,Robert Sánchez\Robert-Sanchez,es ESP,GK,Brighton,23-132,1997,18.0,483,697,69.3,15059,8667,78,79,98.7,229,231,99.1,176,386,45.6,0,0.0,0.0,0,18,0,0,0,Matches
407,Morgan Sanson\Morgan-Sanson,fr FRA,MF,Aston Villa,26-224,1994,2.5,90,119,75.6,1515,367,44,51,86.3,39,45,86.7,6,18,33.3,0,0.1,-0.1,1,5,0,0,6,Matches
408,Romaine Sawyers\Romaine-Sawyers,kn SKN,MF,West Brom,29-148,1991,16.5,605,713,84.9,11796,3172,232,261,88.9,277,313,88.5,87,115,75.7,0,0.4,-0.4,5,57,5,2,53,Matches
409,Dane Scarlett\Dane-Scarlett,eng ENG,FW,Tottenham,17-006,2004,0.0,0,0,,0,0,0,0,,0,0,,0,0,,0,0.0,0.0,0,0,0,0,0,Matches
410,Fabian Schär\Fabian-Schar,ch SUI,DF,Newcastle Utd,29-100,1991,13.4,435,561,77.5,10430,4386,128,143,89.5,192,220,87.3,114,193,59.1,0,0.0,0.0,1,38,11,0,37,Matches
411,Jeffrey Schlupp\Jeffrey-Schlupp,gh GHA,MF,Crystal Palace,28-097,1992,11.4,208,298,69.8,3213,848,109,142,76.8,79,112,70.5,12,21,57.1,1,0.9,+0.1,12,19,6,1,23,Matches
412,Kasper Schmeichel\Kasper-Schmeichel,dk DEN,GK,Leicester City,34-145,1986,29.0,699,958,73.0,21656,11608,90,92,97.8,321,326,98.5,286,538,53.2,0,0.0,0.0,0,4,0,0,0,Matches
413,Nélson Semedo\Nelson-Semedo,pt POR,DF,Wolves,27-134,1993,25.5,1130,1397,80.9,18098,5603,650,712,91.3,367,446,82.3,93,164,56.7,1,0.7,+0.3,14,71,17,10,69,Matches
414,Jamie Shackleton\Jamie-Shackleton,eng ENG,MFDF,Leeds United,21-173,1999,5.1,182,206,88.3,2901,628,89,98,90.8,73,81,90.1,13,15,86.7,0,0.3,-0.3,2,7,2,1,7,Matches
415,Xherdan Shaqiri\Xherdan-Shaqiri,ch SUI,MFFW,Liverpool,29-171,1991,5.8,320,387,82.7,5634,1377,146,163,89.6,122,141,86.5,40,58,69.0,2,2.4,-0.4,15,22,24,5,33,Matches
416,Billy Sharp\Billy-Sharp,eng ENG,FW,Sheffield Utd,35-053,1986,8.2,86,123,69.9,1156,166,46,60,76.7,31,43,72.1,0,2,0.0,0,0.6,-0.6,4,2,3,0,6,Matches
417,Luke Shaw\Luke-Shaw,eng ENG,DF,Manchester Utd,25-261,1995,22.5,1279,1571,81.4,19985,8359,727,787,92.4,440,521,84.5,86,188,45.7,5,4.1,+0.9,51,62,36,14,119,Matches
418,Jonjo Shelvey\Jonjo-Shelvey,eng ENG,MF,Newcastle Utd,29-031,1992,20.1,760,1041,73.0,19099,5708,229,269,85.1,310,382,81.2,216,370,58.4,1,1.6,-0.6,28,109,18,4,93,Matches
419,Shola Shoretire\Shola-Shoretire,eng ENG,FW,Manchester Utd,17-056,2004,0.0,3,4,75.0,39,12,2,2,100.0,1,1,100.0,0,0,,0,0.0,0.0,0,1,0,0,0,Matches
420,Gylfi Sigurðsson\Gylfi-Sigurdsson,is ISL,MF,Everton,31-203,1989,16.7,522,661,79.0,9547,2343,229,266,86.1,204,231,88.3,75,132,56.8,4,3.7,+0.3,30,33,11,3,38,Matches
421,Bernardo Silva\Bernardo-Silva,pt POR,MFFW,Manchester City,26-232,1994,19.1,1063,1189,89.4,18235,2847,521,557,93.5,415,452,91.8,103,130,79.2,3,2.7,+0.3,23,69,23,0,58,Matches
422,Fábio Silva\Fabio-Silva,pt POR,FW,Wolves,18-254,2002,9.1,136,184,73.9,1922,258,78,95,82.1,42,53,79.2,7,18,38.9,0,0.4,-0.4,8,3,3,0,8,Matches
423,Thiago Silva\Thiago-Silva,br BRA,DF,Chelsea,36-189,1984,16.2,1351,1445,93.5,29595,9128,365,381,95.8,725,749,96.8,254,301,84.4,0,0.2,-0.2,3,90,4,0,65,Matches
424,Moussa Sissoko\Moussa-Sissoko,fr FRA,MF,Tottenham,31-226,1989,16.3,620,733,84.6,11041,2365,274,315,87.0,267,294,90.8,67,98,68.4,0,0.5,-0.5,5,43,6,2,32,Matches
425,Islam Slimani\Islam-Slimani,dz ALG,FW,Leicester City,32-285,1988,0.2,8,11,72.7,108,16,5,6,83.3,3,5,60.0,0,0,,0,0.0,0.0,1,0,0,0,1,Matches
426,William Smallbone\William-Smallbone,ie IRL,MF,Southampton,21-037,2000,1.9,64,78,82.1,1113,243,28,31,90.3,31,34,91.2,4,11,36.4,0,0.0,0.0,0,4,1,0,5,Matches
427,Emile Smith-Rowe\Emile-Smith-Rowe,eng ENG,MFFW,Arsenal,20-245,2000,10.5,410,475,86.3,6011,1220,236,260,90.8,144,162,88.9,16,23,69.6,4,2.4,+1.6,18,24,10,2,26,Matches
428,Robert Snodgrass\Robert-Snodgrass,sco SCO,MFFW,West Brom,33-204,1987,5.8,105,134,78.4,1699,544,59,71,83.1,36,49,73.5,7,11,63.6,0,0.3,-0.3,3,9,5,0,15,Matches
429,Robert Snodgrass\Robert-Snodgrass,sco SCO,FWDF,West Ham,33-204,1987,0.1,3,3,100.0,35,13,3,3,100.0,0,0,,0,0,,0,0.0,0.0,0,0,0,0,0,Matches
430,Cédric Soares\Cedric-Soares,pt POR,DF,Arsenal,29-211,1991,7.8,328,435,75.4,5392,2016,182,209,87.1,115,150,76.7,28,59,47.5,1,0.9,+0.1,6,27,7,2,27,Matches
431,Tomáš Souček\Tomas-Soucek,cz CZE,MF,West Ham,26-031,1995,29.0,810,1093,74.1,15368,4018,342,461,74.2,326,428,76.2,123,161,76.4,0,1.1,-1.1,13,68,8,1,75,Matches
432,Çağlar Söyüncü\Caglar-Soyuncu,tr TUR,DF,Leicester City,24-311,1996,13.2,777,868,89.5,14861,4563,268,287,93.4,421,449,93.8,78,119,65.5,0,0.1,-0.1,3,38,3,1,43,Matches
433,Zack Steffen\Zack-Steffen,us USA,GK,Manchester City,25-362,1995,1.0,23,28,82.1,512,236,8,8,100.0,8,8,100.0,7,12,58.3,0,0.0,0.0,0,0,0,0,0,Matches
434,Dale Stephens\Dale-Stephens,eng ENG,MF,Burnley,31-291,1989,2.9,103,124,83.1,1894,528,44,49,89.8,39,46,84.8,17,23,73.9,0,0.0,0.0,0,7,3,0,12,Matches
435,Jack Stephens\Jack-Stephens,eng ENG,DF,Southampton,27-062,1994,12.1,592,725,81.7,12359,4234,175,206,85.0,324,360,90.0,86,142,60.6,0,0.4,-0.4,6,42,8,0,37,Matches
436,Raheem Sterling\Raheem-Sterling,eng ENG,FW,Manchester City,26-112,1994,22.9,757,893,84.8,9953,1865,504,559,90.2,201,225,89.3,19,35,54.3,5,3.2,+1.8,30,29,24,5,49,Matches
437,Enda Stevens\Enda-Stevens,ie IRL,DF,Sheffield Utd,30-264,1990,21.0,778,1012,76.9,13543,5905,388,425,91.3,298,379,78.6,80,167,47.9,0,0.8,-0.8,10,64,23,6,88,Matches
438,John Stones\John-Stones,eng ENG,DF,Manchester City,26-306,1994,18.0,1389,1478,94.0,27047,6796,517,540,95.7,679,703,96.6,179,209,85.6,0,0.1,-0.1,1,100,1,0,60,Matches
439,Pascal Struijk\Pascal-Struijk,nl NED,DFMF,Leeds United,21-231,1999,16.8,853,982,86.9,18733,4908,213,238,89.5,486,524,92.7,145,203,71.4,0,0.1,-0.1,2,36,2,0,38,Matches
440,Japhet Tanganga\Japhet-Tanganga,eng ENG,DF,Tottenham,21-364,1999,2.5,80,100,80.0,1267,510,46,55,83.6,29,34,85.3,4,8,50.0,0,0.0,0.0,0,3,2,1,4,Matches
441,Matt Targett\Matt-Targett,eng ENG,DF,Aston Villa,25-193,1995,27.8,1217,1596,76.3,22462,11170,545,624,87.3,490,621,78.9,151,279,54.1,1,1.8,-0.8,27,115,39,9,167,Matches
442,James Tarkowski\James-Tarkowski,eng ENG,DF,Burnley,28-131,1992,27.0,632,878,72.0,15725,5599,164,216,75.9,279,348,80.2,186,295,63.1,0,0.5,-0.5,6,44,5,1,48,Matches
443,Percy Tau\Percy-Tau,za RSA,FWMF,Brighton,26-321,1994,0.9,15,22,68.2,217,35,8,12,66.7,6,7,85.7,0,2,0.0,0,0.0,0.0,1,0,0,0,1,Matches
444,Sidnei Tavares\Sidnei-Tavares,pt POR,MF,Leicester City,19-182,2001,0.9,19,26,73.1,309,52,11,16,68.8,7,8,87.5,1,1,100.0,0,0.0,0.0,0,0,0,0,1,Matches
445,Charlie Taylor\Charlie-Taylor,eng ENG,DF,Burnley,27-193,1993,19.3,675,945,71.4,12716,5321,313,361,86.7,261,341,76.5,95,207,45.9,1,0.8,+0.2,10,59,15,12,51,Matches
446,Neil Taylor\Neil-Taylor,wal WAL,DF,Aston Villa,32-051,1989,0.2,10,11,90.9,120,29,8,8,100.0,2,3,66.7,0,0,,0,0.0,0.0,0,0,0,0,0,Matches
447,Allan Tchaptchet\Allan-Tchaptchet,fr FRA,DF,Southampton,19-099,2001,0.1,0,2,0.0,0,0,0,1,0.0,0,0,,0,0,,0,0.0,0.0,0,0,0,0,0,Matches
448,Nathan Tella\Nathan-Tella,eng ENG,FWMF,Southampton,21-268,1999,5.0,57,77,74.0,801,137,30,37,81.1,21,26,80.8,2,5,40.0,0,0.0,0.0,0,3,1,1,2,Matches
449,Alex Telles\Alex-Telles,br BRA,DF,Manchester Utd,28-105,1992,5.7,363,451,80.5,5994,2493,189,200,94.5,129,153,84.3,33,81,40.7,2,0.8,+1.2,10,29,12,2,39,Matches
450,Kenny Tete\Kenny-Tete,nl NED,DF,Fulham,25-172,1995,11.8,431,592,72.8,7644,3257,202,239,84.5,176,233,75.5,44,77,57.1,1,1.4,-0.4,14,16,20,15,39,Matches
451,Luke Thomas\Luke-Thomas,eng ENG,DF,Leicester City,19-293,2001,4.5,119,173,68.8,1740,595,75,96,78.1,38,54,70.4,4,17,23.5,0,0.0,0.0,1,8,1,1,7,Matches
452,Youri Tielemans\Youri-Tielemans,be BEL,MF,Leicester City,23-327,1997,28.3,1512,1897,79.7,29383,7400,590,659,89.5,674,777,86.7,223,402,55.5,3,2.1,+0.9,26,160,32,2,150,Matches
453,Kieran Tierney\Kieran-Tierney,sco SCO,DF,Arsenal,23-298,1997,21.9,1026,1344,76.3,18972,5424,426,489,87.1,474,565,83.9,118,247,47.8,2,3.7,-1.7,31,54,30,13,89,Matches
454,James Tomkins\James-Tomkins,eng ENG,DF,Crystal Palace,32-001,1989,4.3,98,126,77.8,2238,776,23,27,85.2,52,55,94.5,22,41,53.7,0,0.0,0.0,0,10,0,0,3,Matches
455,Fikayo Tomori\Fikayo-Tomori,eng ENG,DF,Chelsea,23-101,1997,0.5,27,29,93.1,574,161,6,6,100.0,17,18,94.4,4,5,80.0,0,0.0,0.0,0,0,0,0,0,Matches
456,Ferrán Torres\Ferran-Torres,es ESP,FW,Manchester City,21-029,2000,10.3,247,299,82.6,3911,724,132,152,86.8,96,111,86.5,12,24,50.0,2,1.2,+0.8,8,11,11,1,24,Matches
457,Cenk Tosun\Cenk-Tosun,tr TUR,FW,Everton,29-296,1991,0.5,8,10,80.0,151,14,4,4,100.0,3,3,100.0,1,2,50.0,0,0.1,-0.1,1,0,0,0,0,Matches
458,Andros Townsend\Andros-Townsend,eng ENG,MFFW,Crystal Palace,29-257,1991,20.1,466,691,67.4,8050,3009,237,284,83.5,148,199,74.4,61,156,39.1,4,2.5,+1.5,28,33,29,14,59,Matches
459,Conor Townsend\Conor-Townsend,eng ENG,DF,West Brom,28-026,1993,15.8,635,835,76.0,11658,5490,278,308,90.3,285,352,81.0,65,153,42.5,0,1.1,-1.1,13,58,15,9,88,Matches
460,Adama Traoré\Adama-Traore,es ESP,FW,Wolves,25-064,1996,21.8,426,655,65.0,6978,1881,219,289,75.8,156,235,66.4,39,74,52.7,0,3.9,-3.9,42,32,24,16,47,Matches
461,Bertrand Traoré\Bertrand-Traore,bf BFA,FW,Aston Villa,25-205,1995,16.9,409,571,71.6,7863,1914,178,218,81.7,150,189,79.4,70,136,51.5,3,1.4,+1.6,16,22,15,6,38,Matches
462,Trézéguet\Trezeguet,eg EGY,FW,Aston Villa,26-180,1994,11.7,212,301,70.4,3524,1045,98,125,78.4,82,113,72.6,21,39,53.8,1,2.0,-1.0,12,20,6,3,26,Matches
463,Leandro Trossard\Leandro-Trossard,be BEL,FWMF,Brighton,26-116,1994,22.1,631,852,74.1,12333,3563,265,335,79.1,256,312,82.1,97,151,64.2,5,3.8,+1.2,38,64,54,14,103,Matches
464,Kostas Tsimikas\Kostas-Tsimikas,gr GRE,DF,Liverpool,24-322,1996,0.1,6,8,75.0,118,0,4,4,100.0,1,2,50.0,1,2,50.0,0,0.0,0.0,0,0,0,0,0,Matches
465,Axel Tuanzebe\Axel-Tuanzebe,eng ENG,DF,Manchester Utd,23-136,1997,1.5,109,117,93.2,2161,495,39,41,95.1,55,57,96.5,15,17,88.2,0,0.0,0.0,0,6,0,0,7,Matches
466,Cengiz Ünder\Cengiz-Under,tr TUR,MFFW,Leicester City,23-259,1997,3.1,91,129,70.5,1556,499,50,61,82.0,30,38,78.9,10,19,52.6,2,1.8,+0.2,6,5,10,4,10,Matches
467,Yan Valery\Yan-Valery,fr FRA,DFMF,Southampton,22-036,1999,1.1,53,64,82.8,883,269,25,27,92.6,26,28,92.9,2,6,33.3,0,0.0,0.0,0,0,2,1,2,Matches
468,Jamie Vardy\Jamie-Vardy,eng ENG,FW,Leicester City,34-078,1987,22.7,198,305,64.9,2904,498,123,173,71.1,54,81,66.7,14,25,56.0,7,4.2,+2.8,21,10,7,0,17,Matches
469,Joël Veltman\Joel-Veltman,nl NED,DF,Brighton,29-074,1992,20.3,916,1192,76.8,18214,7415,333,384,86.7,454,564,80.5,124,220,56.4,1,1.0,0.0,17,84,32,13,103,Matches
470,Jannik Vestergaard\Jannik-Vestergaard,dk DEN,DF,Southampton,28-239,1992,20.5,1053,1255,83.9,21751,7708,356,387,92.0,549,622,88.3,141,227,62.1,0,0.4,-0.4,4,79,6,0,51,Matches
471,Rúben Vinagre\Ruben-Vinagre,pt POR,DF,Wolves,21-355,1999,1.9,82,98,83.7,1310,324,44,48,91.7,31,40,77.5,7,9,77.8,0,0.0,0.0,0,2,1,1,2,Matches
472,Carlos Vinícius\Carlos-Vinicius,br BRA,FW,Tottenham,26-005,1995,2.9,24,40,60.0,341,57,9,18,50.0,8,11,72.7,2,5,40.0,0,0.1,-0.1,2,2,1,0,3,Matches
473,João Virgínia\Joao-Virginia,pt POR,GK,Everton,21-171,1999,0.5,9,17,52.9,315,224,1,1,100.0,3,3,100.0,5,13,38.5,0,0.0,0.0,0,0,0,0,0,Matches
474,Vitinha\Vitinha,pt POR,MF,Wolves,21-045,2000,2.6,153,168,91.1,2560,236,70,78,89.7,64,65,98.5,15,20,75.0,1,0.2,+0.8,5,11,0,0,3,Matches
475,Jake Vokins\Jake-Vokins,eng ENG,DF,Southampton,21-013,2000,0.7,20,22,90.9,371,115,7,7,100.0,13,13,100.0,0,1,0.0,0,0.2,-0.2,2,0,2,1,3,Matches
476,Matěj Vydra\Matej-Vydra,cz CZE,FW,Burnley,28-333,1992,9.8,131,171,76.6,1604,208,92,111,82.9,23,31,74.2,7,11,63.6,1,1.1,-0.1,10,4,5,2,6,Matches
477,Theo Walcott\Theo-Walcott,eng ENG,MFFW,Southampton,32-014,1989,13.7,235,326,72.1,3257,645,147,172,85.5,69,100,69.0,8,27,29.6,2,0.8,+1.2,11,14,10,3,20,Matches
478,Theo Walcott\Theo-Walcott,eng ENG,FW,Everton,32-014,1989,0.1,1,1,100.0,18,10,0,0,,1,1,100.0,0,0,,0,0.0,0.0,0,0,0,0,0,Matches
479,Kyle Walker\Kyle-Walker,eng ENG,DF,Manchester City,30-306,1990,17.6,1366,1535,89.0,27034,7233,506,549,92.2,671,722,92.9,177,232,76.3,1,0.5,+0.5,7,143,8,1,85,Matches
480,Kyle Walker-Peters\Kyle-Walker-Peters,eng ENG,DF,Southampton,23-351,1997,20.8,970,1207,80.4,16282,5248,483,530,91.1,377,459,82.1,90,154,58.4,1,0.5,+0.5,11,40,11,0,62,Matches
481,Aaron Wan-Bissaka\Aaron-Wan-Bissaka,eng ENG,DF,Manchester Utd,23-124,1997,27.0,1388,1623,85.5,20855,7562,800,867,92.3,517,594,87.0,51,98,52.0,2,1.4,+0.6,19,74,18,8,98,Matches
482,Joel Ward\Joel-Ward,eng ENG,DF,Crystal Palace,31-152,1989,16.1,502,702,71.5,8386,4142,256,296,86.5,182,248,73.4,49,117,41.9,1,0.4,+0.6,5,40,6,2,42,Matches
483,James Ward-Prowse\James-Ward-Prowse,eng ENG,MF,Southampton,26-149,1994,29.0,1654,2029,81.5,29150,7415,740,814,90.9,714,783,91.2,167,377,44.3,5,3.0,+2.0,41,116,17,0,113,Matches
484,Ollie Watkins\Ollie-Watkins,eng ENG,FW,Aston Villa,25-090,1995,28.0,454,633,71.7,6103,1075,294,381,77.2,126,173,72.8,11,24,45.8,3,2.9,+0.1,29,32,15,3,27,Matches
485,Caleb Watts\Caleb-Watts,au AUS,MFFW,Southampton,19-073,2002,0.4,8,13,61.5,161,41,4,7,57.1,3,5,60.0,1,1,100.0,0,0.0,0.0,0,0,1,1,0,Matches
486,Adam Webster\Adam-Webster,eng ENG,DF,Brighton,26-085,1995,21.8,1088,1336,81.4,23757,8158,293,345,84.9,595,666,89.3,192,294,65.3,0,0.2,-0.2,6,107,6,1,87,Matches
487,Danny Welbeck\Danny-Welbeck,eng ENG,FW,Brighton,30-124,1990,10.1,100,128,78.1,1422,349,62,77,80.5,26,31,83.9,9,12,75.0,1,1.2,-0.2,11,6,3,1,12,Matches
488,Timo Werner\Timo-Werner,de GER,FW,Chelsea,25-024,1996,22.7,532,689,77.2,8029,1619,287,352,81.5,203,235,86.4,22,46,47.8,5,3.1,+1.9,21,26,19,5,50,Matches
489,Ashley Westwood\Ashley-Westwood,eng ENG,MF,Burnley,30-363,1990,28.9,1202,1617,74.3,25480,8301,424,480,88.3,487,581,83.8,254,489,51.9,2,4.1,-2.1,38,135,58,11,148,Matches
490,Ben White\Ben-White,eng ENG,DFMF,Brighton,23-173,1997,27.5,1140,1370,83.2,23826,7079,375,415,90.4,569,634,89.7,186,294,63.3,0,0.5,-0.5,7,87,15,1,91,Matches
491,Georginio Wijnaldum\Georginio-Wijnaldum,nl NED,MF,Liverpool,30-139,1990,26.1,1313,1412,93.0,22817,4411,623,664,93.8,537,566,94.9,125,141,88.7,0,1.4,-1.4,18,116,17,1,76,Matches
492,Brandon Williams\Brandon-Williams,eng ENG,DF,Manchester Utd,20-208,2000,0.1,6,8,75.0,115,9,3,4,75.0,1,2,50.0,2,2,100.0,0,0.0,0.0,0,1,0,0,0,Matches
493,Neco Williams\Neco-Williams,wal WAL,DF,Liverpool,19-351,2001,2.8,156,213,73.2,2548,872,81,91,89.0,54,66,81.8,14,33,42.4,0,0.3,-0.3,3,10,1,1,17,Matches
494,Rhys Williams\Rhys-Williams,eng ENG,DF,Liverpool,20-055,2001,2.3,166,182,91.2,3826,1052,37,44,84.1,85,89,95.5,44,48,91.7,0,0.2,-0.2,1,10,1,0,8,Matches
495,Willian\Willian,br BRA,FWMF,Arsenal,32-233,1988,13.3,519,659,78.8,9699,1821,241,274,88.0,206,246,83.7,68,124,54.8,5,2.0,+3.0,21,26,24,7,42,Matches
496,Joe Willock\Joe-Willock,eng ENG,MF,Arsenal,21-222,1999,2.6,69,91,75.8,1078,279,35,42,83.3,28,34,82.4,3,9,33.3,0,0.0,0.0,2,9,4,1,6,Matches
497,Joe Willock\Joe-Willock,eng ENG,MF,Newcastle Utd,21-222,1999,6.5,103,135,76.3,1758,722,50,59,84.7,39,50,78.0,10,19,52.6,0,0.7,-0.7,6,12,6,2,18,Matches
498,Callum Wilson\Callum-Wilson,eng ENG,FW,Newcastle Utd,29-031,1992,20.1,225,325,69.2,3097,607,135,179,75.4,66,86,76.7,9,14,64.3,5,1.6,+3.4,13,9,13,0,19,Matches
499,Harry Winks\Harry-Winks,eng ENG,MF,Tottenham,25-056,1996,7.1,409,482,84.9,7718,2050,172,189,91.0,179,196,91.3,55,82,67.1,0,0.3,-0.3,4,54,4,0,37,Matches
500,Chris Wood\Chris-Wood,nz NZL,FW,Burnley,29-113,1991,21.9,309,466,66.3,4214,605,185,264,70.1,93,134,69.4,11,19,57.9,0,1.0,-1.0,14,17,4,0,24,Matches
501,Granit Xhaka\Granit-Xhaka,ch SUI,MF,Arsenal,28-184,1992,22.9,1500,1678,89.4,30014,7520,553,607,91.1,698,748,93.3,234,287,81.5,2,1.3,+0.7,14,195,25,0,175,Matches
502,Andriy Yarmolenko\Andriy-Yarmolenko,ua UKR,FWMF,West Ham,31-158,1989,4.0,110,139,79.1,1946,530,60,69,87.0,34,47,72.3,15,20,75.0,1,1.0,0.0,5,10,4,1,10,Matches
503,DeAndre Yedlin\DeAndre-Yedlin,us USA,DF,Newcastle Utd,27-264,1993,4.8,111,172,64.5,1760,809,61,76,80.3,36,55,65.5,11,31,35.5,0,0.1,-0.1,3,5,6,1,13,Matches
504,Okay Yokuşlu\Okay-Yokuslu,tr TUR,MF,West Brom,27-021,1994,5.9,213,245,86.9,3635,1052,107,115,93.0,73,86,84.9,26,32,81.3,0,0.3,-0.3,3,18,3,0,19,Matches
505,Wilfried Zaha\Wilfried-Zaha,ci CIV,FW,Crystal Palace,28-140,1992,20.0,398,531,75.0,5809,1292,247,308,80.2,115,140,82.1,23,39,59.0,2,2.3,-0.3,16,17,24,4,42,Matches
506,Andre-Frank Zambo Anguissa\Andre-Frank-Zambo-Anguissa,cm CMR,MF,Fulham,25-134,1995,23.2,977,1150,85.0,16852,3922,440,507,86.8,442,490,90.2,73,107,68.2,3,1.9,+1.1,22,110,16,4,87,Matches
507,Andi Zeqiri\Andi-Zeqiri,ch SUI,DFFW,Brighton,21-281,1999,1.3,12,31,38.7,205,52,6,12,50.0,5,10,50.0,1,6,16.7,0,0.0,0.0,0,1,1,1,2,Matches
508,Oleksandr Zinchenko\Oleksandr-Zinchenko,ua UKR,DF,Manchester City,24-105,1996,12.0,998,1098,90.9,16346,4359,521,549,94.9,391,425,92.0,70,97,72.2,0,0.6,-0.6,9,85,10,0,68,Matches
509,Hakim Ziyech\Hakim-Ziyech,ma MAR,FWMF,Chelsea,28-011,1993,9.5,409,553,74.0,7183,1965,196,231,84.8,150,180,83.3,52,114,45.6,3,2.8,+0.2,27,36,22,5,49,Matches
510,Kurt Zouma\Kurt-Zouma,fr FRA,DF,Chelsea,26-154,1994,17.0,1156,1271,91.0,25869,6462,290,309,93.9,644,679,94.8,217,271,80.1,0,0.0,0.0,1,75,2,0,50,Matches
511,Martin Ødegaard\Martin-Odegaard,no NOR,MF,Arsenal,22-103,1998,5.3,261,306,85.3,4049,1003,134,140,95.7,95,106,89.6,20,38,52.6,0,0.8,-0.8,11,18,10,0,29,Matches